country_name,category,mean_search_interest,mean_media_volume,mean_demand_to_hype_ratio,search_interest_trend_slope,mean_net_sentiment,mean_gdp_per_capita,Cluster_Label
United_Arab_Emirates,Fashion_Beauty,70.233125,195.28125,1.430699923734375,0.04536913707511597,1.4870061645833335,49894.95286458334,2
United_Arab_Emirates,Fitness_Wearables,76.26567708333333,52.453125,3.229600501947917,0.10469251858231832,1.8864524135416667,49894.95286458334,2
United_Arab_Emirates,Nutrition_Diets,67.72630208333334,929.2395833333334,0.7320232393684996,-0.00891613033393918,-0.12249680463541668,49894.95286458334,2
Australia,Fashion_Beauty,64.86359374999999,434.3645833333333,1.1547283405520834,0.05039072884735372,-0.06645862536458334,64397.253958333335,2
Australia,Fitness_Wearables,79.45395833333333,47.802083333333336,3.1282669159895833,0.06630652686976102,0.8062820947916666,64397.253958333335,2
Australia,Nutrition_Diets,77.63473958333334,2428.7135416666665,0.7688621942752817,0.004579430933456304,-1.4743575520833332,64397.253958333335,2
Brazil,Fashion_Beauty,56.536875,1033.9010416666667,1.0069779995729167,0.09438885196538535,0.046459878265625004,10275.355052083332,2
Brazil,Fitness_Wearables,64.80411458333333,70.52083333333333,2.012090845375,0.09355443635895071,-0.449204948125,10275.355052083332,2
Brazil,Nutrition_Diets,36.09708333333334,7224.703125,0.40844870666309885,0.09794290684426118,-1.5769410625000002,10275.355052083332,0
Canada,Fashion_Beauty,65.68729166666667,971.09375,1.0335380583177083,0.06725929455009087,-0.2347863140104167,54682.74791666667,2
Canada,Fitness_Wearables,72.60734375,115.92708333333333,1.7874684686354165,0.06096345759976127,1.3498986317708335,54682.74791666667,2
Canada,Nutrition_Diets,72.39869791666666,9196.770833333334,0.6806149709412902,0.02086371327618479,-1.1584009322916666,54682.74791666667,2
China,Fashion_Beauty,17.669114583333332,1.9583333333333333,10.035159500385417,0.06335332006347828,-1.0059439901041667,13129.495312500001,0
China,Fitness_Wearables,33.40776041666667,0.6875,27.723358917171876,0.1211315801074248,-0.4610037848958333,13129.495312500001,0
China,Nutrition_Diets,11.724427083333333,110.40104166666667,1.489546624982344,0.10739705972112958,-1.2357282640625,13129.495312500001,0
France,Fashion_Beauty,33.8365625,3982.828125,0.3939136735104167,0.08019533475300436,-0.020524008229166668,45475.68989583334,0
France,Fitness_Wearables,63.16552083333334,433.3697916666667,1.1263929805520834,0.1117300545262187,-0.007663259895833334,45475.68989583334,2
France,Nutrition_Diets,39.87911458333333,13111.458333333334,0.36025112118229163,0.1482228877872121,-1.4181825104166668,45475.68989583334,0
United_Kingdom,Fashion_Beauty,53.39239583333333,17.109375,5.453741341609375,0.05617953639150367,0.15279529927083332,52118.98098958333,2
United_Kingdom,Fitness_Wearables,73.5521875,4.322916666666667,22.52807106181771,0.08332859167729159,1.9116141677083334,52118.98098958333,2
United_Kingdom,Nutrition_Diets,74.32348958333334,63.557291666666664,2.1212967974067234,0.048798719244228614,-0.6364085023958334,52118.98098958333,2
India,Fashion_Beauty,54.57895833333333,1902.5885416666667,0.8213836175156249,0.027095020752516075,-0.3585262958854167,2535.0024479166664,1
India,Fitness_Wearables,75.26026041666667,308.7604166666667,1.4389984758072918,0.017789712923527663,2.031029107291667,2535.0024479166664,2
India,Nutrition_Diets,78.87177083333333,12103.432291666666,0.8383275594881353,0.022807574668366647,-1.4867539739583335,2535.0024479166664,1
Kenya,Fashion_Beauty,78.33552083333333,158.99479166666666,1.7282181978802083,-0.08883490898733146,-1.1995303151041667,2069.66015625,1
Kenya,Fitness_Wearables,74.51692708333333,34.432291666666664,3.766559968541667,0.03700920469033991,1.222304278125,2069.66015625,2
Kenya,Nutrition_Diets,70.96348958333333,756.3072916666666,0.8235473023696792,-0.13453194090280224,-1.7470145651041669,2069.66015625,1
Mexico,Fashion_Beauty,62.15114583333334,1519.890625,0.9746657954427084,0.10150048829449584,0.005002771333333334,13871.791875,2
Mexico,Fitness_Wearables,70.9434375,78.20833333333333,2.1871864628333335,0.10652697148902694,-1.5503894015625,13871.791875,2
Mexico,Nutrition_Diets,35.62494791666666,6455.692708333333,0.4067022730040119,0.12817633026340775,-1.74044546875,13871.791875,0
Nigeria,Fashion_Beauty,77.28515625,44.265625,3.2221245743020837,-0.07933460549873857,-1.2626094359895832,1369.6268750000002,1
Nigeria,Fitness_Wearables,76.56072916666666,9.260416666666666,12.453249572890625,0.0173134308113827,0.5550032141666666,1369.6268750000002,2
Nigeria,Nutrition_Diets,75.56427083333334,190.32291666666666,1.236480211080184,-0.09414548463228713,-1.81190225,1369.6268750000002,1
Singapore,Fashion_Beauty,52.60307291666667,117.85416666666667,1.3431093852968752,0.0741077689688848,-1.1144918672395834,92052.09661458334,0
Singapore,Fitness_Wearables,68.97463541666666,16.838541666666668,5.954621178270833,0.12129081836801128,1.1911130818229168,92052.09661458334,2
Singapore,Nutrition_Diets,56.79411458333333,325.5520833333333,0.6981867456341396,0.11366394657244391,-1.9432952864583333,92052.09661458334,0
United_States,Fashion_Beauty,47.423125,17503.885416666668,0.45286358519081443,0.09754437037137509,-1.0008963026041666,84731.83552083334,0
United_States,Fitness_Wearables,59.56015625,3135.03125,0.7361439989895833,0.09399427440794292,-0.3417392105729167,84731.83552083334,2
United_States,Nutrition_Diets,58.27104166666666,114167.46354166667,0.5736454221947435,0.06098077679516045,-1.7107285416666667,84731.83552083334,3
South_Africa,Fashion_Beauty,75.35963541666666,50.359375,2.7019123164947914,-0.040622431367495875,0.6125365535416667,6170.252760416667,1
South_Africa,Fitness_Wearables,75.28833333333334,11.744791666666666,10.495441957765625,-0.005790223259094482,2.3130023583333332,6170.252760416667,2
South_Africa,Nutrition_Diets,66.36567708333332,659.7760416666666,0.750432019180795,-0.09339630015191383,0.5032806586458334,6170.252760416667,1
