Country_Name,Category,Mean_Search_Interest,Mean_Media_Volume,Mean_Demand_to_Hype_Ratio,Search_Interest_Trend_Slope,Mean_Net_Sentiment,Mean_GDP_Per_Capita,Cluster_Label,Cluster_Name
United_Arab_Emirates,Fashion_Beauty,70.23942408376963,196.30366492146598,0.39682924270680625,0.046284410305869404,1.5027191287958115,50156.1829842932,2,Established High-Value Markets
United_Arab_Emirates,Fitness_Wearables,76.23858638743455,52.72774869109948,2.003891604052356,0.10549006268944613,1.904256719371728,50156.1829842932,2,Established High-Value Markets
United_Arab_Emirates,Nutrition_Diets,67.78356020942408,932.062827225131,0.08232051828272251,-0.00724875998897768,-0.11672888214659687,50156.1829842932,2,Established High-Value Markets
Australia,Fashion_Beauty,64.83246073298429,436.6387434554974,0.16124524285863875,0.050203224028658025,-0.034360921832460735,64734.41235602094,2,Established High-Value Markets
Australia,Fitness_Wearables,79.41497382198953,48.05235602094241,1.9088861145026177,0.06612238219895289,0.8429491214659686,64734.41235602094,2,Established High-Value Markets
Australia,Nutrition_Diets,77.6382722513089,2432.104712041885,0.0324521145078534,0.004763295673739315,-1.4409923036649215,64734.41235602094,2,Established High-Value Markets
Brazil,Fashion_Beauty,56.511151832460726,1039.3141361256544,0.05591505716230367,0.09506689170570408,0.061772547785340325,10329.152722513089,0,Developing / Low-Hype Markets
Brazil,Fitness_Wearables,64.77900523560209,70.87434554973822,1.2470756141989527,0.09423868489942136,-0.42004759183246076,10329.152722513089,0,Developing / Low-Hype Markets
Brazil,Nutrition_Diets,36.07188481675392,7233.612565445026,0.00510338122513089,0.09869363116561036,-1.5643687120418848,10329.152722513089,0,Developing / Low-Hype Markets
Canada,Fashion_Beauty,65.66643979057591,976.1780104712042,0.07156705338743456,0.06766280311380544,-0.22339325806282725,54969.045026178006,2,Established High-Value Markets
Canada,Fitness_Wearables,72.58973821989528,116.53403141361257,0.69457563339267,0.061370074400661334,1.3695884675392669,54969.045026178006,2,Established High-Value Markets
Canada,Nutrition_Diets,72.4034554973822,9218.19895287958,0.008293562842931937,0.021343379718930824,-1.1456131884816754,54969.045026178006,2,Established High-Value Markets
China,Fashion_Beauty,17.685183246073297,1.968586387434555,3.9398985553612564,0.0648610670983742,-0.5032246041884816,13198.23612565445,0,Developing / Low-Hype Markets
China,Fitness_Wearables,33.39329842931937,0.6910994764397905,3.8324340947486912,0.12258748966657483,0.26526012041884817,13198.23612565445,0,Developing / Low-Hype Markets
China,Nutrition_Diets,11.670732984293194,14.31413612565445,1.3894856626806282,0.10739719964177459,-1.2119662130890052,13198.23612565445,0,Developing / Low-Hype Markets
France,Fashion_Beauty,33.807748691099476,4003.6649214659687,0.008934163947643979,0.08055166712593001,0.0016340859685863866,45713.78251308901,0,Developing / Low-Hype Markets
France,Fitness_Wearables,63.110942408376964,435.6387434554974,0.15653116369633507,0.11177068407274732,0.00958834607329843,45713.78251308901,2,Established High-Value Markets
France,Nutrition_Diets,39.89994764397906,13133.120418848168,0.003163430717277487,0.15122113529898046,-1.401404827225131,45713.78251308901,0,Developing / Low-Hype Markets
United_Kingdom,Fashion_Beauty,53.34722513089005,17.198952879581153,4.673708573764397,0.05564013846789749,0.162351505026178,52391.855235602095,2,Established High-Value Markets
United_Kingdom,Fitness_Wearables,73.47795811518326,4.345549738219895,16.668532166853403,0.08230022044640396,1.9342974303664922,52391.855235602095,4,Underserved High-Virality Markets
United_Kingdom,Nutrition_Diets,74.2959162303665,63.60732984293194,1.3637795507486912,0.04869848787544777,-0.6267957720418849,52391.855235602095,2,Established High-Value Markets
India,Fashion_Beauty,54.56696335078534,1912.5497382198953,0.03081494535602094,0.027144047947092867,-0.33370392047120423,2548.274712041885,0,Developing / Low-Hype Markets
India,Fitness_Wearables,75.25225130890053,310.37696335078533,0.2520298814397906,0.01781768393496832,2.068362243979058,2548.274712041885,3,High-Demand Emerging Markets
India,Nutrition_Diets,78.86984293193717,12097.204188481675,0.006507491298429319,0.02310681317167263,-1.460037502617801,2548.274712041885,3,High-Demand Emerging Markets
Kenya,Fashion_Beauty,78.39392670157068,159.82722513089004,0.5543868795445026,-0.08839316960595206,-1.162080945026178,2080.496073298429,3,High-Demand Emerging Markets
Kenya,Fitness_Wearables,74.59010471204188,34.61256544502618,2.570887507643979,0.039904433039404795,1.2724334104712043,2080.496073298429,3,High-Demand Emerging Markets
Kenya,Nutrition_Diets,71.08261780104712,757.848167539267,0.10113589939790575,-0.13289418572609532,-1.706777154450262,2080.496073298429,3,High-Demand Emerging Markets
Mexico,Fashion_Beauty,62.19408376963351,1527.848167539267,0.043590747251308896,0.10445906241388811,0.020568859141361258,13944.419057591624,0,Developing / Low-Hype Markets
Mexico,Fitness_Wearables,70.95434554973822,78.61780104712042,1.046229323895288,0.10855344103058694,-1.5429667282722512,13944.419057591624,0,Developing / Low-Hype Markets
Mexico,Nutrition_Diets,35.67010471204188,6461.806282722513,0.005663515612565445,0.13162617112152109,-1.72637387434555,13944.419057591624,0,Developing / Low-Hype Markets
Nigeria,Fashion_Beauty,77.32570680628272,44.49738219895288,2.0835493102931935,-0.07930671328189584,-1.2542783859162303,1376.7976963350789,3,High-Demand Emerging Markets
Nigeria,Fitness_Wearables,76.56774869109948,9.30890052356021,10.116669727722513,0.01780846996417746,0.5761037828272251,1376.7976963350789,4,Underserved High-Virality Markets
Nigeria,Nutrition_Diets,75.64089005235601,190.64921465968587,0.43775850757068063,-0.09321243799944888,-1.799326659685864,1376.7976963350789,3,High-Demand Emerging Markets
Singapore,Fashion_Beauty,52.64602094240838,118.47120418848168,0.6324973925497382,0.07663414508128961,-1.0966460654973822,92534.04476439791,2,Established High-Value Markets
Singapore,Fitness_Wearables,68.94549738219895,16.926701570680628,4.880771027371727,0.12228578809589417,1.2210301136649215,92534.04476439791,2,Established High-Value Markets
Singapore,Nutrition_Diets,56.797696335078534,325.3612565445026,0.17967163434031413,0.11557174841554148,-1.9203646858638743,92534.04476439791,2,Established High-Value Markets
United_States,Fashion_Beauty,47.433141361256546,17595.41884816754,0.0027286491780104715,0.0994008507853403,-0.989899319895288,85175.45769633508,2,Established High-Value Markets
United_States,Fitness_Wearables,59.5761780104712,3151.4293193717276,0.02436988380104712,0.09598434486084319,-0.33985658863874346,85175.45769633508,2,Established High-Value Markets
United_States,Nutrition_Diets,58.314869109947644,114320.37696335079,0.0005200719371727749,0.0633276556902728,-1.6899924607329844,85175.45769633508,1,Over-Saturated & Noise-Heavy
South_Africa,Fashion_Beauty,75.39319371727748,50.62303664921466,1.605430182026178,-0.04020410236979885,0.6063846716230367,6202.5577486911,3,High-Demand Emerging Markets
South_Africa,Fitness_Wearables,75.30570680628271,11.806282722513089,8.294789821418847,-0.005333011848994212,2.3142321193717277,6202.5577486911,4,Underserved High-Virality Markets
South_Africa,Nutrition_Diets,66.40041884816753,661.869109947644,0.1472989377382199,-0.09377387021217966,0.4963473322513089,6202.5577486911,3,High-Demand Emerging Markets
