week_start,country_name,category,search_interest,search_velocity,search_acceleration,search_interest_lag_1,search_interest_lag_2,search_interest_lag_4,search_velocity_lag,search_velocity_lag1,search_velocity_lag2,search_acceleration_lag,search_interest_roll_mean_4w,search_interest_roll_std_4w,media_volume,tone_net_sentiment,tone_positive_score,tone_negative_score,tone_polarity,tone_activity_density,tone_self_group_density,source_diversity,media_volume_roll_mean_4w,log_media_volume,week_Start,holiday_count,is_holiday,GDP_Per_Capita,Inflation_Rate,Internet_Penetration,inflation_rate,internet_penetration,gdp_per_capita,demand_to_hype_ratio
2026-08-30,United_Arab_Emirates,Nutrition_Diets,56.79,-1.93,3.020000000000003,58.72,63.67,68.07,-4.950000000000003,-4.950000000000003,0.8299999999999983,-5.780000000000001,63.325,3.832984042057439,390.0,0.16,3.96,3.8,7.77,21.32,0.42,211.0,0.0,5.968707559985366,2026-08-30,0,0,50273.5126243239,1.250865245598,100.0,0.0,0.0,0.0,0.14524296675191817
2026-09-06,United_Arab_Emirates,Nutrition_Diets,66.44,9.65,11.579999999999998,56.79,58.72,62.84,-1.93,-1.93,-4.950000000000003,3.020000000000003,60.505,3.289219765638556,510.0,-0.63,3.6,4.24,7.84,20.21,0.48,287.0,390.0,6.236369590203704,2026-09-06,0,0,50273.5126243239,1.250865245598,100.0,0.0,0.0,0.0,0.13001956947162427
2026-09-13,United_Arab_Emirates,Nutrition_Diets,61.33,-5.109999999999999,-14.759999999999998,66.44,56.79,63.67,9.65,9.65,-1.93,11.579999999999998,61.405,4.43429438204854,454.0,-0.27,3.74,4.01,7.74,20.65,0.49,259.0,450.0,6.12029741895095,2026-09-13,0,0,50273.5126243239,1.250865245598,100.0,0.0,0.0,0.0,0.1347912087912088
2026-09-20,United_Arab_Emirates,Nutrition_Diets,98.23,36.900000000000006,42.010000000000005,61.33,66.44,58.72,-5.109999999999999,-5.109999999999999,9.65,-14.759999999999998,60.81999999999999,4.183116860269063,68.0,0.61,4.22,3.6,7.82,19.83,0.49,45.0,451.3333333333333,4.23410650459726,2026-09-20,0,0,50273.5126243239,1.250865245598,100.0,0.0,0.0,0.0,1.4236231884057973
2026-09-06,Australia,Fitness_Wearables,85.84,-1.0600000000000025,0.4299999999999926,86.9,88.39,84.79,-1.4899999999999949,-1.4899999999999949,1.3400000000000034,-2.8299999999999983,86.78250000000001,1.487668757933556,1.0,0.95,2.86,1.9,4.76,24.76,0.95,1.0,0.0,0.6931471805599453,2026-09-06,0,0,65129.7227990563,2.87403791660173,96.13140106,0.0,0.0,0.0,42.92
2026-08-30,Australia,Nutrition_Diets,76.96,-3.0400000000000063,-4.210000000000008,80.0,78.83,77.66,1.1700000000000017,1.1700000000000017,0.5300000000000011,0.6400000000000006,78.6975,0.9913753073381708,1781.0,-1.78,2.98,4.76,7.73,23.18,0.51,600.0,0.0,7.485491608030754,2026-08-30,0,0,65129.7227990563,2.87403791660173,96.13140106,0.0,0.0,0.0,0.043187429854096515
2026-09-06,Australia,Nutrition_Diets,73.83,-3.1299999999999955,-0.0899999999999892,76.96,80.0,78.3,-3.0400000000000063,-3.0400000000000063,1.1700000000000017,-4.210000000000008,78.5225,1.2607504379005792,2047.0,-1.21,3.18,4.39,7.57,22.75,0.55,709.0,1781.0,7.6246189861593985,2026-09-06,0,0,65129.7227990563,2.87403791660173,96.13140106,0.0,0.0,0.0,0.0360498046875
2026-09-13,Australia,Nutrition_Diets,71.64,-2.1899999999999977,0.9399999999999976,73.83,76.96,78.83,-3.1299999999999955,-3.1299999999999955,-3.0400000000000063,-0.0899999999999892,77.405,2.692167652035508,2063.0,-0.87,3.21,4.08,7.29,22.77,0.48,675.0,1914.0,7.632401126601453,2026-09-13,0,0,65129.7227990563,2.87403791660173,96.13140106,0.0,0.0,0.0,0.03470930232558139
2026-09-20,Australia,Nutrition_Diets,72.36,0.7199999999999989,2.9099999999999966,71.64,73.83,80.0,-2.1899999999999977,-2.1899999999999977,-3.1299999999999955,0.9399999999999976,75.6075,3.652573293811664,178.0,-0.5,3.48,3.98,7.47,22.35,0.45,101.0,1963.6666666666667,5.187385805840755,2026-09-20,0,0,65129.7227990563,2.87403791660173,96.13140106,0.0,0.0,0.0,0.4042458100558659
2026-08-30,Brazil,Fitness_Wearables,69.6,2.530000000000001,12.640000000000017,67.07,77.18,82.78,-10.110000000000014,-10.110000000000014,-5.059999999999988,-5.050000000000026,77.3175,7.282400588633737,3.0,-3.27,1.73,5.0,6.74,21.6,0.64,2.0,0.0,1.3862943611198906,2026-08-30,0,0,10713.2856869511,5.01675279604836,84.46347227,0.0,0.0,0.0,17.4
2026-09-06,Brazil,Fitness_Wearables,87.92,18.320000000000007,15.790000000000006,69.6,67.07,82.24,2.530000000000001,2.530000000000001,-10.110000000000014,12.640000000000017,74.02250000000001,6.961629957608108,1.0,1.8,3.6,1.8,5.41,22.07,0.0,1.0,3.0,0.6931471805599453,2026-09-06,1,1,10713.2856869511,5.01675279604836,84.46347227,0.0,0.0,0.0,43.96
2026-08-30,Brazil,Nutrition_Diets,40.91,7.719999999999999,19.64,33.19,45.11,49.26,-11.920000000000002,-11.920000000000002,5.0,-16.92,41.9175,6.917144762592967,5523.0,-1.23,2.94,4.17,7.11,23.78,0.34,788.0,0.0,8.616857514529183,2026-08-30,0,0,10713.2856869511,5.01675279604836,84.46347227,0.0,0.0,0.0,0.007405865314989137
2026-09-06,Brazil,Nutrition_Diets,59.78,18.870000000000005,11.150000000000006,40.91,33.19,40.11,7.719999999999999,7.719999999999999,-11.920000000000002,19.64,39.83,4.940067475922529,4786.0,-1.49,2.88,4.37,7.25,23.84,0.34,758.0,5523.0,8.473659189392508,2026-09-06,1,1,10713.2856869511,5.01675279604836,84.46347227,0.0,0.0,0.0,0.012487988301650304
2026-09-13,Brazil,Nutrition_Diets,46.8,-12.980000000000004,-31.85000000000001,59.78,40.91,45.11,18.870000000000005,18.870000000000005,7.719999999999999,11.150000000000006,44.7475,11.171536375986982,5650.0,-1.63,2.82,4.45,7.27,23.87,0.35,883.0,5154.5,8.639587799629844,2026-09-13,0,0,10713.2856869511,5.01675279604836,84.46347227,0.0,0.0,0.0,0.008281720049548752
2026-09-20,Brazil,Nutrition_Diets,95.09,48.290000000000006,61.27000000000001,46.8,59.78,33.19,-12.980000000000004,-12.980000000000004,18.870000000000005,-31.85000000000001,45.17,11.221660602008374,499.0,-1.9,2.95,4.85,7.8,23.82,0.32,161.0,5319.666666666667,6.214608098422191,2026-09-20,0,0,10713.2856869511,5.01675279604836,84.46347227,0.0,0.0,0.0,0.19018000000000002
2026-09-06,Canada,Fashion_Beauty,67.83,-1.8400000000000036,-4.260000000000005,69.67,67.25,66.81,2.4200000000000017,2.4200000000000017,-1.6599999999999966,4.079999999999998,68.16,1.3531691197578632,3.0,4.5,6.55,2.05,8.61,24.2,0.69,2.0,0.0,1.3862943611198906,2026-09-06,1,1,55697.6639660837,2.07232411149103,94.353302,0.0,0.0,0.0,16.9575
2026-08-30,Canada,Nutrition_Diets,71.49,4.969999999999999,6.230000000000004,66.52,67.78,69.13,-1.2600000000000051,-1.2600000000000051,0.6400000000000006,-1.9000000000000057,67.6425,1.1171503927416848,5104.0,-1.32,2.99,4.3,7.29,22.97,0.71,1288.0,0.0,8.537975730598767,2026-08-30,0,0,55697.6639660837,2.07232411149103,94.353302,0.0,0.0,0.0,0.014003917727717922
2026-09-06,Canada,Nutrition_Diets,74.69,3.200000000000003,-1.769999999999996,71.49,66.52,67.14,4.969999999999999,4.969999999999999,-1.2600000000000051,6.230000000000004,68.23249999999999,2.2317612626210965,5074.0,-0.94,3.05,3.99,7.04,22.85,0.79,1236.0,5104.0,8.532081803909987,2026-09-06,1,1,55697.6639660837,2.07232411149103,94.353302,0.0,0.0,0.0,0.014717241379310344
2026-09-13,Canada,Nutrition_Diets,73.85,-0.8400000000000034,-4.040000000000006,74.69,71.49,67.78,3.200000000000003,3.200000000000003,4.969999999999999,-1.769999999999996,70.12,3.7057342952064256,5329.0,-0.51,3.24,3.75,6.99,22.72,0.82,1344.0,5089.0,8.58110651715989,2026-09-13,0,0,55697.6639660837,2.07232411149103,94.353302,0.0,0.0,0.0,0.013855534709193245
2026-09-20,Canada,Nutrition_Diets,72.92,-0.9299999999999926,-0.0899999999999892,73.85,74.69,66.52,-0.8400000000000034,-0.8400000000000034,3.200000000000003,-4.040000000000006,71.63749999999999,3.6707617283976286,461.0,-0.25,3.38,3.64,7.02,23.07,0.83,276.0,5169.0,6.135564891081739,2026-09-20,0,0,55697.6639660837,2.07232411149103,94.353302,0.0,0.0,0.0,0.15783549783549783
2026-09-06,China,Fashion_Beauty,18.21,3.610000000000001,2.8000000000000007,14.6,13.79,13.77,0.8100000000000005,0.8100000000000005,-0.370000000000001,1.1800000000000015,14.079999999999998,0.3902990306594158,1.0,2.37,5.69,3.32,9.0,33.65,0.0,1.0,0.0,0.6931471805599453,2026-09-06,0,0,13861.970224368,0.0595646916565403,91.6,0.0,0.0,0.0,9.105
2026-09-13,China,Fashion_Beauty,18.13,-0.0800000000000018,-3.690000000000003,18.21,14.6,14.16,3.610000000000001,3.610000000000001,0.8100000000000005,2.8000000000000007,15.19,2.040375782382651,1.0,2.06,3.39,1.33,4.72,26.51,0.12,1.0,1.0,0.6931471805599453,2026-09-13,0,0,13861.970224368,0.0595646916565403,91.6,0.0,0.0,0.0,9.065
2026-08-30,China,Nutrition_Diets,21.98,15.96,15.2,6.02,5.26,5.56,0.7599999999999998,0.7599999999999998,2.57,-1.81,4.8825,1.4947101168217436,18463.0,0.11,4.16,4.06,8.22,26.72,0.26,2130.0,0.0,9.823578169307826,2026-08-30,0,0,13861.970224368,0.0595646916565403,91.6,0.0,0.0,0.0,0.0011904246100519931
2026-09-06,China,Nutrition_Diets,19.16,-2.8200000000000003,-18.78,21.98,6.02,2.69,15.96,15.96,0.7599999999999998,15.2,8.987499999999999,8.778076383809616,18422.0,0.23,4.15,3.92,8.06,26.67,0.24,2175.0,18463.0,9.82135516299751,2026-09-06,0,0,13861.970224368,0.0595646916565403,91.6,0.0,0.0,0.0,0.0010400043423980895
2026-09-13,China,Nutrition_Diets,30.38,11.22,14.04,19.16,21.98,5.26,-2.8200000000000003,-2.8200000000000003,15.96,-18.78,13.105,8.701913582655038,17820.0,0.26,4.15,3.9,8.05,26.85,0.25,1976.0,18442.5,9.7881328161731,2026-09-13,0,0,13861.970224368,0.0595646916565403,91.6,0.0,0.0,0.0,0.0017047303742775378
2026-09-20,China,Nutrition_Diets,54.66,24.28,13.06,30.38,19.16,6.02,11.22,11.22,-2.8200000000000003,14.04,19.385,10.1044198250071,2132.0,0.62,4.38,3.76,8.14,26.95,0.24,476.0,18235.0,7.665284718471351,2026-09-20,1,1,13861.970224368,0.0595646916565403,91.6,0.0,0.0,0.0,0.02562587904360056
2026-08-30,France,Fashion_Beauty,39.34,4.680000000000007,2.8100000000000094,34.66,32.79,29.68,1.8699999999999972,1.8699999999999972,3.86,-1.990000000000002,31.515,2.681175115504366,3.0,-1.08,2.38,3.46,5.84,21.61,0.21,3.0,0.0,1.3862943611198906,2026-08-30,0,0,48985.7307807924,0.943770212469976,88.65381638,0.0,0.0,0.0,9.835
2026-09-06,France,Fashion_Beauty,43.04,3.699999999999996,-0.9800000000000112,39.34,34.66,28.93,4.680000000000007,4.680000000000007,1.8699999999999972,2.8100000000000094,33.93,4.324372786890595,3.0,-0.76,3.79,4.54,8.33,20.42,0.15,2.0,3.0,1.3862943611198906,2026-09-06,0,0,48985.7307807924,0.943770212469976,88.65381638,0.0,0.0,0.0,10.76
2026-09-13,France,Fashion_Beauty,36.58,-6.460000000000001,-10.159999999999997,43.04,39.34,32.79,3.699999999999996,3.699999999999996,4.680000000000007,-0.9800000000000112,37.4575,4.630323062883049,1.0,0.84,2.52,1.68,4.2,24.37,0.0,1.0,3.0,0.6931471805599453,2026-09-13,0,0,48985.7307807924,0.943770212469976,88.65381638,0.0,0.0,0.0,18.29
2026-09-13,France,Fitness_Wearables,81.07,-2.450000000000003,-12.379999999999995,83.52,73.59,70.54,9.929999999999993,9.929999999999993,-3.069999999999993,12.999999999999986,76.0775,5.5552280181225,1.0,8.2,8.93,0.73,9.66,17.42,0.15,1.0,0.0,0.6931471805599453,2026-09-13,0,0,48985.7307807924,0.943770212469976,88.65381638,0.0,0.0,0.0,40.535
2026-08-30,France,Nutrition_Diets,35.9,-1.8700000000000043,-1.3000000000000045,37.77,38.34,41.54,-0.5700000000000003,-0.5700000000000003,-0.0999999999999943,-0.4700000000000059,39.0225,1.704080886187023,8974.0,-1.45,2.96,4.41,7.37,21.58,0.56,2493.0,0.0,9.10219821335648,2026-08-30,0,0,48985.7307807924,0.943770212469976,88.65381638,0.0,0.0,0.0,0.004
2026-09-06,France,Nutrition_Diets,42.27,6.3700000000000045,8.240000000000009,35.9,37.77,38.44,-1.8700000000000043,-1.8700000000000043,-0.5700000000000003,-1.3000000000000045,37.6125,1.1791911069322676,11119.0,-1.56,2.97,4.53,7.5,21.71,0.67,2807.0,8974.0,9.316500567804573,2026-09-06,0,0,48985.7307807924,0.943770212469976,88.65381638,0.0,0.0,0.0,0.0038012589928057556
2026-09-13,France,Nutrition_Diets,38.24,-4.030000000000001,-10.400000000000006,42.27,35.9,38.34,6.3700000000000045,6.3700000000000045,-1.8700000000000043,8.240000000000009,38.57000000000001,2.677797602508704,10719.0,-1.23,3.02,4.25,7.28,21.48,0.68,2926.0,10046.5,9.279866434624791,2026-09-13,0,0,48985.7307807924,0.943770212469976,88.65381638,0.0,0.0,0.0,0.0035671641791044776
2026-09-20,France,Nutrition_Diets,45.87,7.6299999999999955,11.659999999999997,38.24,42.27,37.77,-4.030000000000001,-4.030000000000001,6.3700000000000045,-10.400000000000006,38.545,2.68112538560484,883.0,-1.25,3.04,4.3,7.34,21.85,0.62,559.0,10270.666666666666,6.784457062637643,2026-09-20,0,0,48985.7307807924,0.943770212469976,88.65381638,0.0,0.0,0.0,0.05188914027149321
2026-08-30,United_Kingdom,Nutrition_Diets,79.59,4.170000000000002,6.8700000000000045,75.42,78.12,83.82,-2.700000000000003,-2.700000000000003,-7.589999999999989,4.889999999999986,80.7675,4.808016742899471,54.0,-0.93,3.41,4.34,7.75,19.71,0.62,23.0,0.0,4.007333185232471,2026-08-30,0,0,57601.9621201954,3.88306881626,95.4720993,0.0,0.0,0.0,1.4470909090909092
2026-09-06,United_Kingdom,Nutrition_Diets,86.96,7.36999999999999,3.1999999999999886,79.59,75.42,85.71,4.170000000000002,4.170000000000002,-2.700000000000003,6.8700000000000045,79.71000000000001,4.356856665074224,35.0,-0.48,3.14,3.62,6.76,19.59,0.34,14.0,54.0,3.58351893845611,2026-09-06,0,0,57601.9621201954,3.88306881626,95.4720993,0.0,0.0,0.0,2.4155555555555552
2026-09-13,United_Kingdom,Nutrition_Diets,77.97,-8.989999999999995,-16.359999999999985,86.96,79.59,78.12,7.36999999999999,7.36999999999999,4.170000000000002,3.1999999999999886,80.02250000000001,4.936884138806752,42.0,-0.43,3.27,3.7,6.96,19.9,0.45,22.0,44.5,3.7612001156935615,2026-09-13,0,0,57601.9621201954,3.88306881626,95.4720993,0.0,0.0,0.0,1.8132558139534884
2026-09-20,United_Kingdom,Nutrition_Diets,80.84,2.8700000000000045,11.86,77.97,86.96,75.42,-8.989999999999995,-8.989999999999995,7.36999999999999,-16.359999999999985,79.985,4.956682358190981,3.0,0.81,3.51,2.7,6.21,21.79,1.93,3.0,43.66666666666666,1.3862943611198906,2026-09-20,0,0,57601.9621201954,3.88306881626,95.4720993,0.0,0.0,0.0,20.21
2026-08-30,India,Nutrition_Diets,79.24,-1.460000000000008,7.799999999999983,80.7,89.96,88.66,-9.259999999999993,-9.259999999999993,0.7299999999999898,-9.98999999999998,87.1375,4.324522131596325,13293.0,-1.62,3.14,4.77,7.91,22.7,0.39,1551.0,0.0,9.495068084601527,2026-08-30,1,1,2702.47987141553,2.39884954182294,70.0,0.0,0.0,0.0,0.00596058372197984
2026-09-06,India,Nutrition_Diets,104.13,24.89,26.35000000000001,79.24,80.7,89.23,-1.460000000000008,-1.460000000000008,-9.259999999999993,7.799999999999983,84.7825,5.5968108478549,14193.0,-1.35,3.2,4.54,7.74,22.18,0.35,1498.0,13293.0,9.560574619084928,2026-09-06,0,0,2702.47987141553,2.39884954182294,70.0,0.0,0.0,0.0,0.007336198393687474
2026-09-13,India,Nutrition_Diets,93.8,-10.329999999999998,-35.22,104.13,79.24,89.96,24.89,24.89,-1.460000000000008,26.35000000000001,88.5075,11.44575430745683,12174.0,-0.85,3.45,4.3,7.75,22.34,0.38,1412.0,13743.0,9.40713994795079,2026-09-13,0,0,2702.47987141553,2.39884954182294,70.0,0.0,0.0,0.0,0.007704312114989733
2026-09-20,India,Nutrition_Diets,92.94,-0.8599999999999994,9.47,93.8,104.13,80.7,-10.329999999999998,-10.329999999999998,24.89,-35.22,89.46749999999999,11.764781836764618,1185.0,-2.24,2.93,5.17,8.1,23.05,0.3,292.0,13220.0,7.078341579557671,2026-09-20,0,0,2702.47987141553,2.39884954182294,70.0,0.0,0.0,0.0,0.07836424957841484
2026-09-13,Kenya,Fashion_Beauty,67.1,-3.490000000000009,-6.900000000000006,70.59,67.18,62.19,3.4099999999999966,3.4099999999999966,-1.3999999999999917,4.809999999999988,67.135,3.581438258576663,1.0,5.36,5.56,0.2,5.75,23.02,1.59,1.0,0.0,0.6931471805599453,2026-09-13,0,0,2362.86091198611,4.06912878540729,34.97622513,0.0,0.0,0.0,33.55
2026-08-30,Kenya,Nutrition_Diets,48.21,-7.25,-14.090000000000003,55.46,48.62,51.05,6.840000000000003,6.840000000000003,-3.030000000000001,9.870000000000005,51.695,2.8313071186291605,462.0,-1.21,3.68,4.88,8.56,21.01,0.62,170.0,0.0,6.137727054086234,2026-08-30,0,0,2362.86091198611,4.06912878540729,34.97622513,0.0,0.0,0.0,0.10412526997840173
2026-09-06,Kenya,Nutrition_Diets,57.02,8.810000000000002,16.060000000000002,48.21,55.46,51.65,-7.25,-7.25,6.840000000000003,-14.090000000000003,50.985,3.3546832935465343,511.0,-0.94,3.61,4.55,8.16,21.14,0.59,197.0,462.0,6.238324625039508,2026-09-06,0,0,2362.86091198611,4.06912878540729,34.97622513,0.0,0.0,0.0,0.1113671875
2026-09-13,Kenya,Nutrition_Diets,54.14,-2.8800000000000026,-11.690000000000005,57.02,48.21,48.62,8.810000000000002,8.810000000000002,-7.25,16.060000000000002,52.3275,4.565503805715215,541.0,-0.84,3.6,4.44,8.04,21.14,0.64,214.0,486.5,6.295266001439646,2026-09-13,0,0,2362.86091198611,4.06912878540729,34.97622513,0.0,0.0,0.0,0.09988929889298893
2026-09-20,Kenya,Nutrition_Diets,78.04,23.90000000000001,26.78000000000001,54.14,57.02,55.46,-2.8800000000000026,-2.8800000000000026,8.810000000000002,-11.690000000000005,53.7075,3.8493928092622567,39.0,-1.7,3.25,4.94,8.19,20.56,0.62,27.0,504.6666666666667,3.688879454113936,2026-09-20,0,0,2362.86091198611,4.06912878540729,34.97622513,0.0,0.0,0.0,1.951
2026-08-30,Mexico,Nutrition_Diets,27.0,-0.5,5.630000000000003,27.5,33.63,41.57,-6.130000000000003,-6.130000000000003,-3.529999999999994,-2.6000000000000085,34.965,5.942852850273149,5288.0,-1.59,2.82,4.41,7.23,20.43,0.34,861.0,0.0,8.57338447106598,2026-08-30,0,0,13889.2339628708,3.80668650726485,83.12233799,0.0,0.0,0.0,0.005104934770277935
2026-09-06,Mexico,Nutrition_Diets,34.31,7.310000000000002,7.810000000000002,27.0,27.5,37.16,-0.5,-0.5,-6.130000000000003,5.630000000000003,31.3225,4.922617020786097,5234.0,-1.63,2.89,4.52,7.41,20.43,0.33,792.0,5288.0,8.563122123304638,2026-09-06,0,0,13889.2339628708,3.80668650726485,83.12233799,0.0,0.0,0.0,0.00655396370582617
2026-09-13,Mexico,Nutrition_Diets,29.59,-4.720000000000002,-12.030000000000005,34.31,27.0,33.63,7.310000000000002,7.310000000000002,-0.5,7.810000000000002,30.61,3.8950652540532618,4850.0,-1.68,2.8,4.47,7.27,20.47,0.36,810.0,5261.0,8.486940148245216,2026-09-13,1,1,13889.2339628708,3.80668650726485,83.12233799,0.0,0.0,0.0,0.006099773242630386
2026-09-20,Mexico,Nutrition_Diets,39.4,9.81,14.53,29.59,34.31,27.5,-4.720000000000002,-4.720000000000002,7.310000000000002,-12.030000000000005,29.6,3.334376503436036,470.0,-1.41,2.91,4.33,7.24,20.85,0.38,166.0,5124.0,6.154858094016418,2026-09-20,0,0,13889.2339628708,3.80668650726485,83.12233799,0.0,0.0,0.0,0.08365180467091295
2026-08-30,Nigeria,Nutrition_Diets,60.93,-0.6199999999999974,-3.649999999999992,61.55,58.52,60.82,3.029999999999994,3.029999999999994,-2.559999999999995,5.589999999999989,60.4925,1.3492559678062928,128.0,-1.49,3.42,4.91,8.34,19.84,0.53,76.0,0.0,4.859812404361672,2026-08-30,0,0,1224.25410237743,23.0101235833333,41.21139908,0.0,0.0,0.0,0.47232558139534886
2026-09-06,Nigeria,Nutrition_Diets,58.71,-2.219999999999999,-1.6000000000000014,60.93,61.55,61.08,-0.6199999999999974,-0.6199999999999974,3.029999999999994,-3.649999999999992,60.52,1.359239983714271,116.0,-0.98,3.22,4.2,7.42,19.64,0.5,69.0,128.0,4.762173934797756,2026-09-06,0,0,1224.25410237743,23.0101235833333,41.21139908,0.0,0.0,0.0,0.5017948717948718
2026-09-13,Nigeria,Nutrition_Diets,56.97,-1.740000000000002,0.4799999999999969,58.71,60.93,58.52,-2.219999999999999,-2.219999999999999,-0.6199999999999974,-1.6000000000000014,59.9275,1.5384922272560766,195.0,-4.6,2.31,6.92,9.23,19.81,0.48,121.0,122.0,5.278114659230517,2026-09-13,0,0,1224.25410237743,23.0101235833333,41.21139908,0.0,0.0,0.0,0.29066326530612246
2026-09-20,Nigeria,Nutrition_Diets,64.12,7.150000000000006,8.890000000000008,56.97,58.71,61.55,-1.740000000000002,-1.740000000000002,-2.219999999999999,0.4799999999999969,59.54,2.102855201861007,51.0,-5.29,2.18,7.47,9.64,19.01,0.47,35.0,146.33333333333334,3.951243718581428,2026-09-20,0,0,1224.25410237743,23.0101235833333,41.21139908,0.0,0.0,0.0,1.2330769230769232
2026-08-30,Singapore,Nutrition_Diets,56.11,5.100000000000001,6.580000000000005,51.01,52.49,60.87,-1.480000000000004,-1.480000000000004,-4.460000000000001,2.979999999999997,55.33,4.47377543766605,362.0,-1.93,2.96,4.89,7.84,20.43,0.3,88.0,0.0,5.8944028342648505,2026-08-30,0,0,98813.9788172877,0.902998495002676,94.37757178,0.0,0.0,0.0,0.15457300275482094
2026-09-06,Singapore,Nutrition_Diets,62.39,6.280000000000001,1.1799999999999995,56.11,51.01,56.95,5.100000000000001,5.100000000000001,-1.480000000000004,6.580000000000005,54.14,2.845839067831731,348.0,-2.06,2.81,4.87,7.68,20.64,0.4,101.0,362.0,5.855071922202427,2026-09-06,0,0,98813.9788172877,0.902998495002676,94.37757178,0.0,0.0,0.0,0.17876790830945558
2026-09-13,Singapore,Nutrition_Diets,52.32,-10.07,-16.35,62.39,56.11,52.49,6.280000000000001,6.280000000000001,5.100000000000001,1.1799999999999995,55.5,5.068346212851956,352.0,-2.04,2.7,4.74,7.44,20.93,0.37,78.0,355.0,5.8664680569332965,2026-09-13,0,0,98813.9788172877,0.902998495002676,94.37757178,0.0,0.0,0.0,0.14821529745042494
2026-09-20,Singapore,Nutrition_Diets,59.15,6.829999999999998,16.9,52.32,62.39,51.01,-10.07,-10.07,6.280000000000001,-16.35,55.4575,5.102596561228813,11.0,-2.28,2.6,4.87,7.47,20.31,0.41,7.0,354.0,2.4849066497880004,2026-09-20,0,0,98813.9788172877,0.902998495002676,94.37757178,0.0,0.0,0.0,4.929166666666666
2026-08-30,United_States,Fashion_Beauty,45.51,1.259999999999998,1.3500000000000014,44.25,44.34,46.33,-0.0900000000000034,-0.0900000000000034,-1.8099999999999952,1.7199999999999918,45.2675,1.125947748935613,21.0,0.78,3.97,3.18,7.15,21.48,0.67,15.0,0.0,3.091042453358316,2026-08-30,0,0,90026.5163005744,2.94952520485207,94.69380188,0.0,0.0,0.0,2.0686363636363634
2026-09-06,United_States,Fashion_Beauty,46.52,1.0100000000000051,-0.2499999999999929,45.51,44.25,46.15,1.259999999999998,1.259999999999998,-0.0900000000000034,1.3500000000000014,45.0625,0.9246756187982224,15.0,1.89,4.82,2.92,7.74,21.3,0.47,14.0,21.0,2.772588722239781,2026-09-06,1,1,90026.5163005744,2.94952520485207,94.69380188,0.0,0.0,0.0,2.9075
2026-09-13,United_States,Fashion_Beauty,44.37,-2.1500000000000057,-3.160000000000011,46.52,45.51,44.34,1.0100000000000051,1.0100000000000051,1.259999999999998,-0.2499999999999929,45.155,1.075871739567437,22.0,1.89,3.88,1.99,5.88,23.51,1.01,18.0,18.0,3.1354942159291497,2026-09-13,0,0,90026.5163005744,2.94952520485207,94.69380188,0.0,0.0,0.0,1.9291304347826086
2026-09-20,United_States,Fashion_Beauty,45.5,1.1300000000000026,3.280000000000008,44.37,46.52,44.25,-2.1500000000000057,-2.1500000000000057,1.0100000000000051,-3.160000000000011,45.1625,1.0683749341873694,3.0,5.33,6.84,1.5,8.34,21.34,0.69,3.0,19.33333333333333,1.3862943611198906,2026-09-20,0,0,90026.5163005744,2.94952520485207,94.69380188,0.0,0.0,0.0,11.375
2026-08-30,United_States,Fitness_Wearables,56.5,0.6099999999999994,3.199999999999996,55.89,58.48,61.98,-2.5899999999999963,-2.5899999999999963,-1.0200000000000031,-1.5699999999999932,58.9625,2.521062937201733,3.0,3.18,4.68,1.5,6.19,21.08,0.38,3.0,0.0,1.3862943611198906,2026-08-30,0,0,90026.5163005744,2.94952520485207,94.69380188,0.0,0.0,0.0,14.125
2026-09-06,United_States,Fitness_Wearables,56.35,-0.1499999999999985,-0.759999999999998,56.5,55.89,59.5,0.6099999999999994,0.6099999999999994,-2.5899999999999963,3.199999999999996,57.5925,1.685059346135518,4.0,0.98,3.1,2.13,5.23,21.38,0.34,4.0,3.0,1.6094379124341005,2026-09-06,1,1,90026.5163005744,2.94952520485207,94.69380188,0.0,0.0,0.0,11.27
2026-09-13,United_States,Fitness_Wearables,57.06,0.7100000000000009,0.8599999999999994,56.35,56.5,58.48,-0.1499999999999985,-0.1499999999999985,0.6099999999999994,-0.759999999999998,56.805,1.1464292389844697,6.0,0.79,2.61,1.82,4.44,20.08,0.82,6.0,3.5,1.9459101490553128,2026-09-13,0,0,90026.5163005744,2.94952520485207,94.69380188,0.0,0.0,0.0,8.151428571428571
2026-08-30,United_States,Nutrition_Diets,49.9,1.4200000000000017,2.6200000000000045,48.48,49.68,54.38,-1.2000000000000028,-1.2000000000000028,-1.1700000000000017,-0.0300000000000011,50.8475,2.546021406037404,84961.0,-1.79,2.88,4.67,7.55,22.51,0.75,7629.0,0.0,11.349959376688336,2026-08-30,0,0,90026.5163005744,2.94952520485207,94.69380188,0.0,0.0,0.0,0.0005873213907393893
2026-09-06,United_States,Nutrition_Diets,50.29,0.3900000000000005,-1.0300000000000011,49.9,48.48,50.85,1.4200000000000017,1.4200000000000017,-1.2000000000000028,2.6200000000000045,49.7275,0.974384421058042,75452.0,-1.75,2.85,4.59,7.44,22.25,0.73,7583.0,84961.0,11.231265224836942,2026-09-06,1,1,90026.5163005744,2.94952520485207,94.69380188,0.0,0.0,0.0,0.0006665076272646548
2026-09-13,United_States,Nutrition_Diets,47.84,-2.449999999999996,-2.8399999999999963,50.29,49.9,49.68,0.3900000000000005,0.3900000000000005,1.4200000000000017,-1.0300000000000011,49.5875,0.7802296670429416,77930.0,-1.65,2.92,4.57,7.49,22.32,0.73,7608.0,80206.5,11.26357909878402,2026-09-13,0,0,90026.5163005744,2.94952520485207,94.69380188,0.0,0.0,0.0,0.0006138763778214062
2026-09-20,United_States,Nutrition_Diets,50.52,2.68,5.129999999999996,47.84,50.29,48.48,-2.449999999999996,-2.449999999999996,0.3900000000000005,-2.8399999999999963,49.1275,1.1583141485224295,6599.0,-1.24,2.96,4.2,7.17,22.33,0.87,2520.0,79447.66666666667,8.794824928014517,2026-09-20,0,0,90026.5163005744,2.94952520485207,94.69380188,0.0,0.0,0.0,0.007654545454545455
2026-08-30,South_Africa,Nutrition_Diets,59.73,0.1999999999999957,-1.9300000000000068,59.53,57.4,58.82,2.1300000000000026,2.1300000000000026,0.8599999999999994,1.2700000000000031,58.0725,1.3520200935399005,260.0,-0.09,4.15,4.24,8.38,25.6,0.4,118.0,0.0,5.564520407322694,2026-08-30,0,0,6597.71450918774,3.20550474112603,78.35759735,0.0,0.0,0.0,0.22885057471264367
2026-09-06,South_Africa,Nutrition_Diets,61.63,1.9000000000000057,1.70000000000001,59.73,59.53,56.54,0.1999999999999957,0.1999999999999957,2.1300000000000026,-1.9300000000000068,58.3,1.5774874537279029,269.0,-0.16,3.89,4.05,7.94,25.4,0.39,126.0,260.0,5.598421958998375,2026-09-06,0,0,6597.71450918774,3.20550474112603,78.35759735,0.0,0.0,0.0,0.22825925925925927
2026-09-13,South_Africa,Nutrition_Diets,59.12,-2.510000000000005,-4.410000000000011,61.63,59.73,57.4,1.9000000000000057,1.9000000000000057,0.1999999999999957,1.70000000000001,59.5725,1.7300939280866,303.0,-0.01,4.04,4.05,8.1,26.26,0.38,128.0,264.5,5.717027701406222,2026-09-13,0,0,6597.71450918774,3.20550474112603,78.35759735,0.0,0.0,0.0,0.1944736842105263
2026-09-20,South_Africa,Nutrition_Diets,82.93,23.81000000000001,26.32000000000001,59.12,61.63,59.53,-2.510000000000005,-2.510000000000005,1.9000000000000057,-4.410000000000011,60.0025,1.1143121944359813,25.0,-0.13,4.14,4.27,8.41,24.74,0.35,16.0,277.3333333333333,3.258096538021482,2026-09-20,1,1,6597.71450918774,3.20550474112603,78.35759735,0.0,0.0,0.0,3.1896153846153847
2026-08-30,Australia,Fashion_Beauty,70.81,4.430000000000007,6.910000000000011,66.38,68.86,66.5,-2.480000000000004,-2.480000000000004,-2.1099999999999994,-0.3700000000000045,68.1775,2.183947114744176,0.0,-0.13,4.14,4.27,8.41,24.74,0.35,0.0,0.0,0.0,2026-08-30,0,0,65129.7227990563,2.87403791660173,96.13140106,0.0,0.0,0.0,70.81
2026-08-30,Brazil,Fashion_Beauty,61.45,2.6300000000000026,2.3800000000000026,58.82,58.57,61.28,0.25,0.25,-3.700000000000003,3.950000000000003,60.235,1.82644463370828,0.0,-0.13,4.14,4.27,8.41,24.74,0.35,0.0,0.0,0.0,2026-08-30,0,0,10713.2856869511,5.01675279604836,84.46347227,0.0,0.0,0.0,61.45
2026-08-30,Canada,Fashion_Beauty,69.67,2.4200000000000017,4.079999999999998,67.25,68.91,62.51,-1.6599999999999966,-1.6599999999999966,2.0999999999999943,-3.759999999999991,66.37,2.727587456587395,0.0,-0.13,4.14,4.27,8.41,24.74,0.35,0.0,3.0,0.0,2026-08-30,0,0,55697.6639660837,2.07232411149103,94.353302,0.0,0.0,0.0,69.67
2026-08-30,China,Fashion_Beauty,14.6,0.8100000000000005,1.1800000000000015,13.79,14.16,14.53,-0.370000000000001,-0.370000000000001,0.3900000000000005,-0.7600000000000016,14.0625,0.3595715042477836,0.0,-0.13,4.14,4.27,8.41,24.74,0.35,0.0,1.0,0.0,2026-08-30,0,0,13861.970224368,0.0595646916565403,91.6,0.0,0.0,0.0,14.6
2026-08-30,India,Fashion_Beauty,56.87,0.4699999999999988,1.8299999999999983,56.4,57.76,56.03,-1.3599999999999994,-1.3599999999999994,3.019999999999996,-4.379999999999996,56.2325,1.2422929069533477,0.0,-0.13,4.14,4.27,8.41,24.74,0.35,0.0,0.0,0.0,2026-08-30,1,1,2702.47987141553,2.39884954182294,70.0,0.0,0.0,0.0,56.87
2026-08-30,Kenya,Fashion_Beauty,67.18,-1.3999999999999917,-7.789999999999992,68.58,62.19,67.43,6.390000000000001,6.390000000000001,-7.320000000000007,13.710000000000008,66.92750000000001,3.27090583783706,0.0,-0.13,4.14,4.27,8.41,24.74,0.35,0.0,1.0,0.0,2026-08-30,0,0,2362.86091198611,4.06912878540729,34.97622513,0.0,0.0,0.0,67.18
2026-08-30,Mexico,Fashion_Beauty,53.95,-1.4799999999999969,4.230000000000004,55.43,61.14,63.59,-5.710000000000001,-5.710000000000001,1.1000000000000014,-6.810000000000002,60.05,3.418781459331139,0.0,-0.13,4.14,4.27,8.41,24.74,0.35,0.0,0.0,0.0,2026-08-30,0,0,13889.2339628708,3.80668650726485,83.12233799,0.0,0.0,0.0,53.95
2026-08-30,Nigeria,Fashion_Beauty,69.54,2.6300000000000097,5.230000000000018,66.91,69.51,68.64,-2.6000000000000085,-2.6000000000000085,-0.8699999999999903,-1.7300000000000182,68.86,1.4814182393909625,0.0,-0.13,4.14,4.27,8.41,24.74,0.35,0.0,0.0,0.0,2026-08-30,0,0,1224.25410237743,23.0101235833333,41.21139908,0.0,0.0,0.0,69.54
2026-08-30,Singapore,Fashion_Beauty,44.4,-0.8400000000000034,0.9399999999999976,45.24,47.02,38.12,-1.7800000000000011,-1.7800000000000011,8.07,-9.85,42.3325,4.457677833431599,0.0,-0.13,4.14,4.27,8.41,24.74,0.35,0.0,0.0,0.0,2026-08-30,0,0,98813.9788172877,0.902998495002676,94.37757178,0.0,0.0,0.0,44.4
2026-08-30,South_Africa,Fashion_Beauty,68.95,-5.009999999999991,-0.2799999999999869,73.96,78.69,72.01,-4.730000000000004,-4.730000000000004,10.399999999999991,-15.129999999999995,73.2375,4.3295987111971055,0.0,-0.13,4.14,4.27,8.41,24.74,0.35,0.0,0.0,0.0,2026-08-30,0,0,6597.71450918774,3.20550474112603,78.35759735,0.0,0.0,0.0,68.95
2026-08-30,United_Arab_Emirates,Fashion_Beauty,69.03,0.4699999999999988,3.61,68.56,71.7,70.5,-3.140000000000001,-3.140000000000001,2.780000000000001,-5.920000000000002,69.92,1.4553808207252248,0.0,-0.13,4.14,4.27,8.41,24.74,0.35,0.0,0.0,0.0,2026-08-30,0,0,50273.5126243239,1.250865245598,100.0,0.0,0.0,0.0,69.03
2026-08-30,United_Kingdom,Fashion_Beauty,62.02,2.5800000000000054,3.6300000000000097,59.44,60.49,61.89,-1.0500000000000045,-1.0500000000000045,0.2300000000000039,-1.2800000000000082,60.52,1.0184628941033498,0.0,-0.13,4.14,4.27,8.41,24.74,0.35,0.0,0.0,0.0,2026-08-30,0,0,57601.9621201954,3.88306881626,95.4720993,0.0,0.0,0.0,62.02
2026-09-06,Australia,Fashion_Beauty,69.27,-1.5400000000000065,-5.970000000000013,70.81,66.38,70.97,4.430000000000007,4.430000000000007,-2.480000000000004,6.910000000000011,69.255,2.143276308209577,0.0,-0.13,4.14,4.27,8.41,24.74,0.35,0.0,0.0,0.0,2026-09-06,0,0,65129.7227990563,2.87403791660173,96.13140106,0.0,0.0,0.0,69.27
2026-09-06,Brazil,Fashion_Beauty,63.29,1.8399999999999963,-0.7900000000000063,61.45,58.82,62.27,2.6300000000000026,2.6300000000000026,0.25,2.3800000000000026,60.2775,1.860526359215344,0.0,-0.13,4.14,4.27,8.41,24.74,0.35,0.0,0.0,0.0,2026-09-06,1,1,10713.2856869511,5.01675279604836,84.46347227,0.0,0.0,0.0,63.29
2026-09-06,India,Fashion_Beauty,67.05,10.18,9.71,56.87,56.4,54.74,0.4699999999999988,0.4699999999999988,-1.3599999999999994,1.8299999999999983,56.4425,1.2673956235787494,0.0,-0.13,4.14,4.27,8.41,24.74,0.35,0.0,0.0,0.0,2026-09-06,0,0,2702.47987141553,2.39884954182294,70.0,0.0,0.0,0.0,67.05
2026-09-06,Kenya,Fashion_Beauty,70.59,3.4099999999999966,4.809999999999988,67.18,68.58,69.51,-1.3999999999999917,-1.3999999999999917,6.390000000000001,-7.789999999999992,66.86500000000001,3.260475425455088,0.0,-0.13,4.14,4.27,8.41,24.74,0.35,0.0,0.5,0.0,2026-09-06,0,0,2362.86091198611,4.06912878540729,34.97622513,0.0,0.0,0.0,70.59
2026-09-06,Mexico,Fashion_Beauty,53.19,-0.7600000000000051,0.7199999999999918,53.95,55.43,60.04,-1.4799999999999969,-1.4799999999999969,-5.710000000000001,4.230000000000004,57.64,3.4885622635502016,0.0,-0.13,4.14,4.27,8.41,24.74,0.35,0.0,0.0,0.0,2026-09-06,0,0,13889.2339628708,3.80668650726485,83.12233799,0.0,0.0,0.0,53.19
2026-09-06,Nigeria,Fashion_Beauty,70.21,0.6699999999999875,-1.9600000000000224,69.54,66.91,70.38,2.6300000000000097,2.6300000000000097,-2.6000000000000085,5.230000000000018,69.08500000000001,1.5050249167373255,0.0,-0.13,4.14,4.27,8.41,24.74,0.35,0.0,0.0,0.0,2026-09-06,0,0,1224.25410237743,23.0101235833333,41.21139908,0.0,0.0,0.0,70.21
2026-09-06,Singapore,Fashion_Beauty,38.33,-6.07,-5.229999999999997,44.4,45.24,38.95,-0.8400000000000034,-0.8400000000000034,-1.7800000000000011,0.9399999999999976,43.9025,3.477665644269728,0.0,-0.13,4.14,4.27,8.41,24.74,0.35,0.0,0.0,0.0,2026-09-06,0,0,98813.9788172877,0.902998495002676,94.37757178,0.0,0.0,0.0,38.33
2026-09-06,South_Africa,Fashion_Beauty,74.31,5.359999999999999,10.36999999999999,68.95,73.96,68.29,-5.009999999999991,-5.009999999999991,-4.730000000000004,-0.2799999999999869,72.4725,4.856997529338432,0.0,-0.13,4.14,4.27,8.41,24.74,0.35,0.0,0.0,0.0,2026-09-06,0,0,6597.71450918774,3.20550474112603,78.35759735,0.0,0.0,0.0,74.31
2026-09-06,United_Arab_Emirates,Fashion_Beauty,72.1,3.069999999999993,2.5999999999999943,69.03,68.56,68.92,0.4699999999999988,0.4699999999999988,-3.140000000000001,3.61,69.5525,1.4456688186907964,0.0,-0.13,4.14,4.27,8.41,24.74,0.35,0.0,0.0,0.0,2026-09-06,0,0,50273.5126243239,1.250865245598,100.0,0.0,0.0,0.0,72.1
2026-09-06,United_Kingdom,Fashion_Beauty,70.9,8.880000000000003,6.299999999999997,62.02,59.44,60.26,2.5800000000000054,2.5800000000000054,-1.0500000000000045,3.6300000000000097,60.5525,1.077137409989415,0.0,-0.13,4.14,4.27,8.41,24.74,0.35,0.0,0.0,0.0,2026-09-06,0,0,57601.9621201954,3.88306881626,95.4720993,0.0,0.0,0.0,70.9
2026-09-13,Australia,Fashion_Beauty,66.78,-2.489999999999995,-0.9499999999999886,69.27,70.81,68.86,-1.5400000000000065,-1.5400000000000065,4.430000000000007,-5.970000000000013,68.83,1.8364276916518971,0.0,-0.13,4.14,4.27,8.41,24.74,0.35,0.0,0.0,0.0,2026-09-13,0,0,65129.7227990563,2.87403791660173,96.13140106,0.0,0.0,0.0,66.78
2026-09-13,Brazil,Fashion_Beauty,58.81,-4.479999999999997,-6.319999999999993,63.29,61.45,58.57,1.8399999999999963,1.8399999999999963,2.6300000000000026,-0.7900000000000063,60.5325,2.253121908227574,0.0,-0.13,4.14,4.27,8.41,24.74,0.35,0.0,0.0,0.0,2026-09-13,0,0,10713.2856869511,5.01675279604836,84.46347227,0.0,0.0,0.0,58.81
2026-09-13,Canada,Fashion_Beauty,67.58,-0.25,1.5900000000000034,67.83,69.67,68.91,-1.8400000000000036,-1.8400000000000036,2.4200000000000017,-4.260000000000005,68.41499999999999,1.083128185703924,0.0,-0.13,4.14,4.27,8.41,24.74,0.35,0.0,1.5,0.0,2026-09-13,0,0,55697.6639660837,2.07232411149103,94.353302,0.0,0.0,0.0,67.58
2026-09-13,India,Fashion_Beauty,61.36,-5.689999999999998,-15.869999999999996,67.05,56.87,57.76,10.18,10.18,0.4699999999999988,9.71,59.52,5.051580610726322,0.0,-0.13,4.14,4.27,8.41,24.74,0.35,0.0,0.0,0.0,2026-09-13,0,0,2702.47987141553,2.39884954182294,70.0,0.0,0.0,0.0,61.36
2026-09-13,Mexico,Fashion_Beauty,51.11,-2.0799999999999983,-1.3199999999999932,53.19,53.95,61.14,-0.7600000000000051,-0.7600000000000051,-1.4799999999999969,0.7199999999999918,55.9275,3.5973172874611223,0.0,-0.13,4.14,4.27,8.41,24.74,0.35,0.0,0.0,0.0,2026-09-13,1,1,13889.2339628708,3.80668650726485,83.12233799,0.0,0.0,0.0,51.11
2026-09-13,Nigeria,Fashion_Beauty,67.33,-2.8799999999999955,-3.549999999999983,70.21,69.54,69.51,0.6699999999999875,0.6699999999999875,2.6300000000000097,-1.9600000000000224,69.0425,1.4579294678870902,0.0,-0.13,4.14,4.27,8.41,24.74,0.35,0.0,0.0,0.0,2026-09-13,0,0,1224.25410237743,23.0101235833333,41.21139908,0.0,0.0,0.0,67.33
2026-09-13,Singapore,Fashion_Beauty,42.51,4.18,10.25,38.33,44.4,47.02,-6.07,-6.07,-0.8400000000000034,-5.229999999999997,43.7475,3.773233582309388,0.0,-0.13,4.14,4.27,8.41,24.74,0.35,0.0,0.0,0.0,2026-09-13,0,0,98813.9788172877,0.902998495002676,94.37757178,0.0,0.0,0.0,42.51
2026-09-13,South_Africa,Fashion_Beauty,67.27,-7.040000000000006,-12.400000000000006,74.31,68.95,78.69,5.359999999999999,5.359999999999999,-5.009999999999991,10.36999999999999,73.97749999999999,3.9830589166284,0.0,-0.13,4.14,4.27,8.41,24.74,0.35,0.0,0.0,0.0,2026-09-13,0,0,6597.71450918774,3.20550474112603,78.35759735,0.0,0.0,0.0,67.27
2026-09-13,United_Arab_Emirates,Fashion_Beauty,68.35,-3.75,-6.819999999999993,72.1,69.03,71.7,3.069999999999993,3.069999999999993,0.4699999999999988,2.5999999999999943,70.3475,1.8102923336673589,0.0,-0.13,4.14,4.27,8.41,24.74,0.35,0.0,0.0,0.0,2026-09-13,0,0,50273.5126243239,1.250865245598,100.0,0.0,0.0,0.0,68.35
2026-09-13,United_Kingdom,Fashion_Beauty,62.66,-8.240000000000009,-17.12000000000001,70.9,62.02,60.49,8.880000000000003,8.880000000000003,2.5800000000000054,6.299999999999997,63.212500000000006,5.233337845008529,0.0,-0.13,4.14,4.27,8.41,24.74,0.35,0.0,0.0,0.0,2026-09-13,0,0,57601.9621201954,3.88306881626,95.4720993,0.0,0.0,0.0,62.66
2026-09-20,Australia,Fashion_Beauty,66.27,-0.5100000000000051,1.9799999999999895,66.78,69.27,66.38,-2.489999999999995,-2.489999999999995,-1.5400000000000065,-0.9499999999999886,68.31,2.100587219485555,0.0,-0.13,4.14,4.27,8.41,24.74,0.35,0.0,0.0,0.0,2026-09-20,0,0,65129.7227990563,2.87403791660173,96.13140106,0.0,0.0,0.0,66.27
2026-09-20,Brazil,Fashion_Beauty,84.72,25.91,30.389999999999997,58.81,63.29,58.82,-4.479999999999997,-4.479999999999997,1.8399999999999963,-6.319999999999993,60.5925,2.1856253872370397,0.0,-0.13,4.14,4.27,8.41,24.74,0.35,0.0,0.0,0.0,2026-09-20,0,0,10713.2856869511,5.01675279604836,84.46347227,0.0,0.0,0.0,84.72
2026-09-20,Canada,Fashion_Beauty,71.48,3.9000000000000057,4.150000000000006,67.58,67.83,67.25,-0.25,-0.25,-1.8400000000000036,1.5900000000000034,68.0825,1.08466200572633,0.0,-0.13,4.14,4.27,8.41,24.74,0.35,0.0,1.0,0.0,2026-09-20,0,0,55697.6639660837,2.07232411149103,94.353302,0.0,0.0,0.0,71.48
2026-09-20,China,Fashion_Beauty,32.96,14.830000000000002,14.910000000000004,18.13,18.21,13.79,-0.0800000000000018,-0.0800000000000018,3.610000000000001,-3.690000000000003,16.182499999999997,2.318898804749118,0.0,-0.13,4.14,4.27,8.41,24.74,0.35,0.0,0.6666666666666666,0.0,2026-09-20,1,1,13861.970224368,0.0595646916565403,91.6,0.0,0.0,0.0,32.96
2026-09-20,France,Fashion_Beauty,42.69,6.109999999999999,12.57,36.58,43.04,34.66,-6.460000000000001,-6.460000000000001,3.699999999999996,-10.159999999999997,38.405,3.638365017421973,0.0,-0.13,4.14,4.27,8.41,24.74,0.35,0.0,2.333333333333333,0.0,2026-09-20,0,0,48985.7307807924,0.943770212469976,88.65381638,0.0,0.0,0.0,42.69
2026-09-20,India,Fashion_Beauty,60.64,-0.7199999999999989,4.969999999999999,61.36,67.05,56.4,-5.689999999999998,-5.689999999999998,10.18,-15.869999999999996,60.42,4.953227903768005,0.0,-0.13,4.14,4.27,8.41,24.74,0.35,0.0,0.0,0.0,2026-09-20,0,0,2702.47987141553,2.39884954182294,70.0,0.0,0.0,0.0,60.64
2026-09-20,Kenya,Fashion_Beauty,92.23,25.13000000000001,28.62000000000002,67.1,70.59,68.58,-3.490000000000009,-3.490000000000009,3.4099999999999966,-6.900000000000006,68.36250000000001,1.633123285812725,0.0,-0.13,4.14,4.27,8.41,24.74,0.35,0.0,0.3333333333333333,0.0,2026-09-20,0,0,2362.86091198611,4.06912878540729,34.97622513,0.0,0.0,0.0,92.23
2026-09-20,Mexico,Fashion_Beauty,63.4,12.29,14.369999999999996,51.11,53.19,55.43,-2.0799999999999983,-2.0799999999999983,-0.7600000000000051,-1.3199999999999932,53.42,1.7990738358018683,0.0,-0.13,4.14,4.27,8.41,24.74,0.35,0.0,0.0,0.0,2026-09-20,0,0,13889.2339628708,3.80668650726485,83.12233799,0.0,0.0,0.0,63.4
2026-09-20,Nigeria,Fashion_Beauty,61.5,-5.829999999999998,-2.950000000000003,67.33,70.21,66.91,-2.8799999999999955,-2.8799999999999955,0.6699999999999875,-3.549999999999983,68.4975,1.6230295745919932,0.0,-0.13,4.14,4.27,8.41,24.74,0.35,0.0,0.0,0.0,2026-09-20,0,0,1224.25410237743,23.0101235833333,41.21139908,0.0,0.0,0.0,61.5
2026-09-20,Singapore,Fashion_Beauty,40.01,-2.5,-6.68,42.51,38.33,45.24,4.18,4.18,-6.07,10.25,42.62,3.079448002483681,0.0,-0.13,4.14,4.27,8.41,24.74,0.35,0.0,0.0,0.0,2026-09-20,0,0,98813.9788172877,0.902998495002676,94.37757178,0.0,0.0,0.0,40.01
2026-09-20,South_Africa,Fashion_Beauty,77.78,10.510000000000003,17.55000000000001,67.27,74.31,73.96,-7.040000000000006,-7.040000000000006,5.359999999999999,-12.400000000000006,71.1225,3.5483834347487884,0.0,-0.13,4.14,4.27,8.41,24.74,0.35,0.0,0.0,0.0,2026-09-20,1,1,6597.71450918774,3.20550474112603,78.35759735,0.0,0.0,0.0,77.78
2026-09-20,United_Arab_Emirates,Fashion_Beauty,91.75,23.40000000000001,27.15000000000001,68.35,72.1,68.56,-3.75,-3.75,3.069999999999993,-6.819999999999993,69.51,1.7499142836154853,0.0,-0.13,4.14,4.27,8.41,24.74,0.35,0.0,0.0,0.0,2026-09-20,0,0,50273.5126243239,1.250865245598,100.0,0.0,0.0,0.0,91.75
2026-09-20,United_Kingdom,Fashion_Beauty,63.26,0.6000000000000014,8.84000000000001,62.66,70.9,59.44,-8.240000000000009,-8.240000000000009,8.880000000000003,-17.12000000000001,63.755,4.962509445834685,0.0,-0.13,4.14,4.27,8.41,24.74,0.35,0.0,0.0,0.0,2026-09-20,0,0,57601.9621201954,3.88306881626,95.4720993,0.0,0.0,0.0,63.26
2026-08-30,Australia,Fitness_Wearables,86.9,-1.4899999999999949,-2.8299999999999983,88.39,87.05,85.92,1.3400000000000034,1.3400000000000034,2.259999999999991,-0.9199999999999876,86.5375,1.5415873853482709,0.0,-0.13,4.14,4.27,8.41,24.74,0.35,0.0,1.0,0.0,2026-08-30,0,0,65129.7227990563,2.87403791660173,96.13140106,0.0,0.0,0.0,86.9
2026-08-30,Canada,Fitness_Wearables,75.97,2.780000000000001,6.030000000000001,73.19,76.44,75.71,-3.25,-3.25,-0.1000000000000085,-3.1499999999999915,75.47,1.5643742092816968,0.0,-0.13,4.14,4.27,8.41,24.74,0.35,0.0,0.0,0.0,2026-08-30,0,0,55697.6639660837,2.07232411149103,94.353302,0.0,0.0,0.0,75.97
2026-08-30,China,Fitness_Wearables,36.17,8.200000000000003,6.590000000000003,27.97,26.36,27.1,1.6099999999999994,1.6099999999999994,-8.899999999999999,10.509999999999998,29.1725,4.111328860599428,0.0,-0.13,4.14,4.27,8.41,24.74,0.35,0.0,0.0,0.0,2026-08-30,0,0,13861.970224368,0.0595646916565403,91.6,0.0,0.0,0.0,36.17
2026-08-30,France,Fitness_Wearables,73.59,-3.069999999999993,-9.189999999999984,76.66,70.54,63.46,6.11999999999999,6.11999999999999,5.560000000000002,0.5599999999999881,68.91000000000001,5.9962988584625965,0.0,-0.13,4.14,4.27,8.41,24.74,0.35,0.0,1.0,0.0,2026-08-30,0,0,48985.7307807924,0.943770212469976,88.65381638,0.0,0.0,0.0,73.59
2026-08-30,India,Fitness_Wearables,76.79,0.4300000000000068,7.570000000000007,76.36,83.5,85.88,-7.140000000000001,-7.140000000000001,-7.829999999999998,0.6899999999999977,84.26750000000001,6.207433044342781,0.0,-0.13,4.14,4.27,8.41,24.74,0.35,0.0,0.0,0.0,2026-08-30,1,1,2702.47987141553,2.39884954182294,70.0,0.0,0.0,0.0,76.79
2026-08-30,Kenya,Fitness_Wearables,60.54,-11.610000000000008,-12.430000000000014,72.15,71.33,69.43,0.8200000000000074,0.8200000000000074,-18.239999999999995,19.06,75.62,9.36951795273717,0.0,-0.13,4.14,4.27,8.41,24.74,0.35,0.0,0.0,0.0,2026-08-30,0,0,2362.86091198611,4.06912878540729,34.97622513,0.0,0.0,0.0,60.54
2026-08-30,Mexico,Fitness_Wearables,68.86,-2.4099999999999966,4.010000000000005,71.27,77.69,82.48,-6.420000000000002,-6.420000000000002,-0.7600000000000051,-5.659999999999997,77.4725,4.638565690670428,0.0,-0.13,4.14,4.27,8.41,24.74,0.35,0.0,0.0,0.0,2026-08-30,0,0,13889.2339628708,3.80668650726485,83.12233799,0.0,0.0,0.0,68.86
2026-08-30,Nigeria,Fitness_Wearables,75.22,1.269999999999996,4.799999999999997,73.95,77.48,90.25,-3.530000000000001,-3.530000000000001,5.070000000000007,-8.600000000000009,78.5225,8.101264818944452,0.0,-0.13,4.14,4.27,8.41,24.74,0.35,0.0,0.0,0.0,2026-08-30,0,0,1224.25410237743,23.0101235833333,41.21139908,0.0,0.0,0.0,75.22
2026-08-30,Singapore,Fitness_Wearables,74.54,-1.4799999999999898,5.2900000000000205,76.02,82.79,59.7,-6.77000000000001,-6.77000000000001,19.360000000000007,-26.130000000000017,70.485,10.772472634760623,0.0,-0.13,4.14,4.27,8.41,24.74,0.35,0.0,0.0,0.0,2026-08-30,0,0,98813.9788172877,0.902998495002676,94.37757178,0.0,0.0,0.0,74.54
2026-08-30,South_Africa,Fitness_Wearables,71.97,-0.9099999999999966,1.5600000000000025,72.88,75.35,74.17,-2.469999999999999,-2.469999999999999,1.019999999999996,-3.489999999999995,74.1825,1.013488200885316,0.0,-0.13,4.14,4.27,8.41,24.74,0.35,0.0,0.0,0.0,2026-08-30,0,0,6597.71450918774,3.20550474112603,78.35759735,0.0,0.0,0.0,71.97
2026-08-30,United_Arab_Emirates,Fitness_Wearables,81.44,-4.070000000000007,-3.140000000000015,85.51,86.44,88.01,-0.9299999999999926,-0.9299999999999926,0.2000000000000028,-1.1299999999999957,86.55,1.0522040359817633,0.0,-0.13,4.14,4.27,8.41,24.74,0.35,0.0,0.0,0.0,2026-08-30,0,0,50273.5126243239,1.250865245598,100.0,0.0,0.0,0.0,81.44
2026-08-30,United_Kingdom,Fitness_Wearables,87.73,2.740000000000009,4.190000000000012,84.99,86.44,87.99,-1.4500000000000028,-1.4500000000000028,-9.420000000000002,7.969999999999999,88.82,4.850560105115363,0.0,-0.13,4.14,4.27,8.41,24.74,0.35,0.0,0.0,0.0,2026-08-30,0,0,57601.9621201954,3.88306881626,95.4720993,0.0,0.0,0.0,87.73
2026-09-06,Canada,Fitness_Wearables,75.97,0.0,-2.780000000000001,75.97,73.19,76.54,2.780000000000001,2.780000000000001,-3.25,6.030000000000001,75.535,1.582961359814488,0.0,-0.13,4.14,4.27,8.41,24.74,0.35,0.0,0.0,0.0,2026-09-06,1,1,55697.6639660837,2.07232411149103,94.353302,0.0,0.0,0.0,75.97
2026-09-06,China,Fitness_Wearables,34.74,-1.4299999999999995,-9.630000000000004,36.17,27.97,35.26,8.200000000000003,8.200000000000003,1.6099999999999994,6.590000000000003,31.44,4.99374942636603,0.0,-0.13,4.14,4.27,8.41,24.74,0.35,0.0,0.0,0.0,2026-09-06,0,0,13861.970224368,0.0595646916565403,91.6,0.0,0.0,0.0,34.74
2026-09-06,France,Fitness_Wearables,83.52,9.929999999999993,12.999999999999986,73.59,76.66,64.98,-3.069999999999993,-3.069999999999993,6.11999999999999,-9.189999999999984,71.44250000000001,4.980377328409286,0.0,-0.13,4.14,4.27,8.41,24.74,0.35,0.0,0.5,0.0,2026-09-06,0,0,48985.7307807924,0.943770212469976,88.65381638,0.0,0.0,0.0,83.52
2026-09-06,India,Fitness_Wearables,90.69,13.899999999999991,13.469999999999985,76.79,76.36,91.33,0.4300000000000068,0.4300000000000068,-7.140000000000001,7.570000000000007,81.995,7.029758175072521,0.0,-0.13,4.14,4.27,8.41,24.74,0.35,0.0,0.0,0.0,2026-09-06,0,0,2702.47987141553,2.39884954182294,70.0,0.0,0.0,0.0,90.69
2026-09-06,Kenya,Fitness_Wearables,87.99,27.45,39.06,60.54,72.15,89.57,-11.610000000000008,-11.610000000000008,0.8200000000000074,-12.430000000000014,73.3975,12.00966104156692,0.0,-0.13,4.14,4.27,8.41,24.74,0.35,0.0,0.0,0.0,2026-09-06,0,0,2362.86091198611,4.06912878540729,34.97622513,0.0,0.0,0.0,87.99
2026-09-06,Mexico,Fitness_Wearables,74.31,5.450000000000003,7.859999999999999,68.86,71.27,78.45,-2.4099999999999966,-2.4099999999999966,-6.420000000000002,4.010000000000005,74.0675,4.735429406787249,0.0,-0.13,4.14,4.27,8.41,24.74,0.35,0.0,0.0,0.0,2026-09-06,0,0,13889.2339628708,3.80668650726485,83.12233799,0.0,0.0,0.0,74.31
2026-09-06,Nigeria,Fitness_Wearables,70.14,-5.079999999999998,-6.349999999999994,75.22,73.95,72.41,1.269999999999996,1.269999999999996,-3.530000000000001,4.799999999999997,74.765,2.1438672222570867,0.0,-0.13,4.14,4.27,8.41,24.74,0.35,0.0,0.0,0.0,2026-09-06,0,0,1224.25410237743,23.0101235833333,41.21139908,0.0,0.0,0.0,70.14
2026-09-06,Singapore,Fitness_Wearables,63.94,-10.600000000000009,-9.12000000000002,74.54,76.02,63.43,-1.4799999999999898,-1.4799999999999898,-6.77000000000001,5.2900000000000205,74.195,8.025145896908455,0.0,-0.13,4.14,4.27,8.41,24.74,0.35,0.0,0.0,0.0,2026-09-06,0,0,98813.9788172877,0.902998495002676,94.37757178,0.0,0.0,0.0,63.94
2026-09-06,South_Africa,Fitness_Wearables,76.21,4.239999999999995,5.149999999999992,71.97,72.88,74.33,-0.9099999999999966,-0.9099999999999966,-2.469999999999999,1.5600000000000025,73.6325,1.501829439938883,0.0,-0.13,4.14,4.27,8.41,24.74,0.35,0.0,0.0,0.0,2026-09-06,0,0,6597.71450918774,3.20550474112603,78.35759735,0.0,0.0,0.0,76.21
2026-09-06,United_Arab_Emirates,Fitness_Wearables,97.96,16.519999999999996,20.590000000000003,81.44,85.51,86.24,-4.070000000000007,-4.070000000000007,-0.9299999999999926,-3.140000000000015,84.9075,2.345966396463499,0.0,-0.13,4.14,4.27,8.41,24.74,0.35,0.0,0.0,0.0,2026-09-06,0,0,50273.5126243239,1.250865245598,100.0,0.0,0.0,0.0,97.96
2026-09-06,United_Kingdom,Fitness_Wearables,95.23,7.5,4.759999999999991,87.73,84.99,95.86,2.740000000000009,2.740000000000009,-1.4500000000000028,4.190000000000012,88.755,4.867103861641274,0.0,-0.13,4.14,4.27,8.41,24.74,0.35,0.0,0.0,0.0,2026-09-06,0,0,57601.9621201954,3.88306881626,95.4720993,0.0,0.0,0.0,95.23
2026-09-13,Australia,Fitness_Wearables,83.98,-1.8599999999999997,-0.7999999999999972,85.84,86.9,87.05,-1.0600000000000025,-1.0600000000000025,-1.4899999999999949,0.4299999999999926,87.045,1.0459604836376752,0.0,-0.13,4.14,4.27,8.41,24.74,0.35,0.0,0.5,0.0,2026-09-13,0,0,65129.7227990563,2.87403791660173,96.13140106,0.0,0.0,0.0,83.98
2026-09-13,Brazil,Fitness_Wearables,76.58,-11.340000000000003,-29.66000000000001,87.92,69.6,77.18,18.320000000000007,18.320000000000007,2.530000000000001,15.790000000000006,75.4425,9.36198830377393,0.0,-0.13,4.14,4.27,8.41,24.74,0.35,0.0,2.0,0.0,2026-09-13,0,0,10713.2856869511,5.01675279604836,84.46347227,0.0,0.0,0.0,76.58
2026-09-13,Canada,Fitness_Wearables,79.27,3.299999999999997,3.299999999999997,75.97,75.97,76.44,0.0,0.0,2.780000000000001,-2.780000000000001,75.3925,1.4849551059428467,0.0,-0.13,4.14,4.27,8.41,24.74,0.35,0.0,0.0,0.0,2026-09-13,0,0,55697.6639660837,2.07232411149103,94.353302,0.0,0.0,0.0,79.27
2026-09-13,China,Fitness_Wearables,33.62,-1.1200000000000043,0.3099999999999951,34.74,36.17,26.36,-1.4299999999999995,-1.4299999999999995,8.200000000000003,-9.630000000000004,31.31,4.866299072875033,0.0,-0.13,4.14,4.27,8.41,24.74,0.35,0.0,0.0,0.0,2026-09-13,0,0,13861.970224368,0.0595646916565403,91.6,0.0,0.0,0.0,33.62
2026-09-13,India,Fitness_Wearables,86.53,-4.159999999999997,-18.059999999999988,90.69,76.79,83.5,13.899999999999991,13.899999999999991,0.4300000000000068,13.469999999999985,81.83500000000001,6.748108376920574,0.0,-0.13,4.14,4.27,8.41,24.74,0.35,0.0,0.0,0.0,2026-09-13,0,0,2702.47987141553,2.39884954182294,70.0,0.0,0.0,0.0,86.53
2026-09-13,Kenya,Fitness_Wearables,69.28,-18.709999999999997,-46.15999999999999,87.99,60.54,71.33,27.45,27.45,-11.610000000000008,39.06,73.0025,11.30579607988738,0.0,-0.13,4.14,4.27,8.41,24.74,0.35,0.0,0.0,0.0,2026-09-13,0,0,2362.86091198611,4.06912878540729,34.97622513,0.0,0.0,0.0,69.28
2026-09-13,Mexico,Fitness_Wearables,71.05,-3.260000000000005,-8.710000000000008,74.31,68.86,77.69,5.450000000000003,5.450000000000003,-2.4099999999999966,7.859999999999999,73.0325,3.822759692508229,0.0,-0.13,4.14,4.27,8.41,24.74,0.35,0.0,0.0,0.0,2026-09-13,1,1,13889.2339628708,3.80668650726485,83.12233799,0.0,0.0,0.0,71.05
2026-09-13,Nigeria,Fitness_Wearables,78.46,8.319999999999993,13.399999999999991,70.14,75.22,77.48,-5.079999999999998,-5.079999999999998,1.269999999999996,-6.349999999999994,74.1975,3.0738073567919817,0.0,-0.13,4.14,4.27,8.41,24.74,0.35,0.0,0.0,0.0,2026-09-13,0,0,1224.25410237743,23.0101235833333,41.21139908,0.0,0.0,0.0,78.46
2026-09-13,Singapore,Fitness_Wearables,81.51,17.570000000000007,28.170000000000016,63.94,74.54,82.79,-10.600000000000009,-10.600000000000009,-1.4799999999999898,-9.12000000000002,74.32249999999999,7.797941501875134,0.0,-0.13,4.14,4.27,8.41,24.74,0.35,0.0,0.0,0.0,2026-09-13,0,0,98813.9788172877,0.902998495002676,94.37757178,0.0,0.0,0.0,81.51
2026-09-13,South_Africa,Fitness_Wearables,74.57,-1.6400000000000006,-5.879999999999996,76.21,71.97,75.35,4.239999999999995,4.239999999999995,-0.9099999999999966,5.149999999999992,74.10249999999999,2.003320160799837,0.0,-0.13,4.14,4.27,8.41,24.74,0.35,0.0,0.0,0.0,2026-09-13,0,0,6597.71450918774,3.20550474112603,78.35759735,0.0,0.0,0.0,74.57
2026-09-13,United_Arab_Emirates,Fitness_Wearables,88.93,-9.029999999999989,-25.549999999999983,97.96,81.44,86.44,16.519999999999996,16.519999999999996,-4.070000000000007,20.590000000000003,87.83749999999999,7.089035547943259,0.0,-0.13,4.14,4.27,8.41,24.74,0.35,0.0,0.0,0.0,2026-09-13,0,0,50273.5126243239,1.250865245598,100.0,0.0,0.0,0.0,88.93
2026-09-13,United_Kingdom,Fitness_Wearables,88.73,-6.5,-14.0,95.23,87.73,86.44,7.5,7.5,2.740000000000009,4.759999999999991,88.5975,4.561121024485468,0.0,-0.13,4.14,4.27,8.41,24.74,0.35,0.0,0.0,0.0,2026-09-13,0,0,57601.9621201954,3.88306881626,95.4720993,0.0,0.0,0.0,88.73
2026-09-20,Australia,Fitness_Wearables,85.59,1.6099999999999994,3.469999999999999,83.98,85.84,88.39,-1.8599999999999997,-1.8599999999999997,-1.0600000000000025,-0.7999999999999972,86.2775,1.8547304386347596,0.0,-0.13,4.14,4.27,8.41,24.74,0.35,0.0,0.3333333333333333,0.0,2026-09-20,0,0,65129.7227990563,2.87403791660173,96.13140106,0.0,0.0,0.0,85.59
2026-09-20,Brazil,Fitness_Wearables,133.46,56.88000000000001,68.22000000000001,76.58,87.92,67.07,-11.340000000000003,-11.340000000000003,18.320000000000007,-29.66000000000001,75.29249999999999,9.329620839026626,0.0,-0.13,4.14,4.27,8.41,24.74,0.35,0.0,1.3333333333333333,0.0,2026-09-20,0,0,10713.2856869511,5.01675279604836,84.46347227,0.0,0.0,0.0,133.46
2026-09-20,Canada,Fitness_Wearables,78.63,-0.6400000000000006,-3.9399999999999977,79.27,75.97,73.19,3.299999999999997,3.299999999999997,0.0,3.299999999999997,76.1,2.4866845397032247,0.0,-0.13,4.14,4.27,8.41,24.74,0.35,0.0,0.0,0.0,2026-09-20,0,0,55697.6639660837,2.07232411149103,94.353302,0.0,0.0,0.0,78.63
2026-09-20,China,Fitness_Wearables,62.45,28.830000000000005,29.95000000000001,33.62,34.74,27.97,-1.1200000000000043,-1.1200000000000043,-1.4299999999999995,0.3099999999999951,33.125,3.591624516380344,0.0,-0.13,4.14,4.27,8.41,24.74,0.35,0.0,0.0,0.0,2026-09-20,1,1,13861.970224368,0.0595646916565403,91.6,0.0,0.0,0.0,62.45
2026-09-20,France,Fitness_Wearables,85.38,4.310000000000002,6.760000000000005,81.07,83.52,76.66,-2.450000000000003,-2.450000000000003,9.929999999999993,-12.379999999999995,78.71,4.439316764247992,0.0,-0.13,4.14,4.27,8.41,24.74,0.35,0.0,0.3333333333333333,0.0,2026-09-20,0,0,48985.7307807924,0.943770212469976,88.65381638,0.0,0.0,0.0,85.38
2026-09-20,India,Fitness_Wearables,88.64,2.1099999999999994,6.269999999999996,86.53,90.69,76.36,-4.159999999999997,-4.159999999999997,13.899999999999991,-18.059999999999988,82.5925,7.155102491695385,0.0,-0.13,4.14,4.27,8.41,24.74,0.35,0.0,0.0,0.0,2026-09-20,0,0,2702.47987141553,2.39884954182294,70.0,0.0,0.0,0.0,88.64
2026-09-20,Kenya,Fitness_Wearables,137.68,68.4,87.11,69.28,87.99,72.15,-18.709999999999997,-18.709999999999997,27.45,-46.15999999999999,72.49000000000001,11.45239712898556,0.0,-0.13,4.14,4.27,8.41,24.74,0.35,0.0,0.0,0.0,2026-09-20,0,0,2362.86091198611,4.06912878540729,34.97622513,0.0,0.0,0.0,137.68
2026-09-20,Mexico,Fitness_Wearables,78.79,7.740000000000009,11.000000000000014,71.05,74.31,71.27,-3.260000000000005,-3.260000000000005,5.450000000000003,-8.710000000000008,71.3725,2.24024366234254,0.0,-0.13,4.14,4.27,8.41,24.74,0.35,0.0,0.0,0.0,2026-09-20,0,0,13889.2339628708,3.80668650726485,83.12233799,0.0,0.0,0.0,78.79
2026-09-20,Nigeria,Fitness_Wearables,89.81,11.350000000000009,3.030000000000016,78.46,70.14,73.95,8.319999999999993,8.319999999999993,-5.079999999999998,13.399999999999991,74.4425,3.439906733232029,0.0,-0.13,4.14,4.27,8.41,24.74,0.35,0.0,0.0,0.0,2026-09-20,0,0,1224.25410237743,23.0101235833333,41.21139908,0.0,0.0,0.0,89.81
2026-09-20,Singapore,Fitness_Wearables,70.6,-10.91000000000001,-28.480000000000015,81.51,63.94,76.02,17.570000000000007,17.570000000000007,-10.600000000000009,28.170000000000016,74.0025,7.347917505434215,0.0,-0.13,4.14,4.27,8.41,24.74,0.35,0.0,0.0,0.0,2026-09-20,0,0,98813.9788172877,0.902998495002676,94.37757178,0.0,0.0,0.0,70.6
2026-09-20,South_Africa,Fitness_Wearables,104.86,30.290000000000006,31.930000000000007,74.57,76.21,72.88,-1.6400000000000006,-1.6400000000000006,4.239999999999995,-5.879999999999996,73.9075,1.8752844228721963,0.0,-0.13,4.14,4.27,8.41,24.74,0.35,0.0,0.0,0.0,2026-09-20,1,1,6597.71450918774,3.20550474112603,78.35759735,0.0,0.0,0.0,104.86
2026-09-20,United_Arab_Emirates,Fitness_Wearables,133.61,44.68000000000001,53.71,88.93,97.96,85.51,-9.029999999999989,-9.029999999999989,16.519999999999996,-25.549999999999983,88.46,7.034529124255817,0.0,-0.13,4.14,4.27,8.41,24.74,0.35,0.0,0.0,0.0,2026-09-20,0,0,50273.5126243239,1.250865245598,100.0,0.0,0.0,0.0,133.61
2026-09-20,United_Kingdom,Fitness_Wearables,94.87,6.140000000000001,12.64,88.73,95.23,84.99,-6.5,-6.5,7.5,-14.0,89.17,4.338325329740755,0.0,-0.13,4.14,4.27,8.41,24.74,0.35,0.0,0.0,0.0,2026-09-20,0,0,57601.9621201954,3.88306881626,95.4720993,0.0,0.0,0.0,94.87
2026-09-20,United_States,Fitness_Wearables,59.83,2.769999999999996,2.059999999999995,57.06,56.35,55.89,0.7100000000000009,0.7100000000000009,-0.1499999999999985,0.8599999999999994,56.45,0.4824244327682621,0.0,-0.13,4.14,4.27,8.41,24.74,0.35,0.0,4.333333333333333,0.0,2026-09-20,0,0,90026.5163005744,2.94952520485207,94.69380188,0.0,0.0,0.0,59.83
