week_start,country_code,country_name,category,search_interest
2026-07-05,US,United_States,Nutrition_Diets,97.9
2026-07-12,US,United_States,Nutrition_Diets,100.0
2026-07-19,US,United_States,Nutrition_Diets,92.72
2026-07-26,US,United_States,Nutrition_Diets,82.93
2026-08-02,US,United_States,Nutrition_Diets,79.17
2026-08-09,US,United_States,Nutrition_Diets,78.72
2026-08-16,US,United_States,Nutrition_Diets,77.62
2026-08-23,US,United_States,Nutrition_Diets,75.66
2026-08-30,US,United_States,Nutrition_Diets,77.24
2026-09-06,US,United_States,Nutrition_Diets,77.85
2026-09-13,US,United_States,Nutrition_Diets,74.05
2026-09-20,US,United_States,Nutrition_Diets,78.2
2026-07-05,US,United_States,Fitness_Wearables,95.92
2026-07-12,US,United_States,Fitness_Wearables,96.14
2026-07-19,US,United_States,Fitness_Wearables,100.0
2026-07-26,US,United_States,Fitness_Wearables,87.26
2026-08-02,US,United_States,Fitness_Wearables,83.69
2026-08-09,US,United_States,Fitness_Wearables,83.0
2026-08-16,US,United_States,Fitness_Wearables,82.69
2026-08-23,US,United_States,Fitness_Wearables,78.65
2026-08-30,US,United_States,Fitness_Wearables,78.81
2026-09-06,US,United_States,Fitness_Wearables,78.61
2026-09-13,US,United_States,Fitness_Wearables,79.6
2026-09-20,US,United_States,Fitness_Wearables,83.46
2026-07-05,US,United_States,Fashion_Beauty,100.0
2026-07-12,US,United_States,Fashion_Beauty,99.22
2026-07-19,US,United_States,Fashion_Beauty,90.0
2026-07-26,US,United_States,Fashion_Beauty,84.13
2026-08-02,US,United_States,Fashion_Beauty,83.73
2026-08-09,US,United_States,Fashion_Beauty,85.07
2026-08-16,US,United_States,Fashion_Beauty,84.47
2026-08-23,US,United_States,Fashion_Beauty,82.2
2026-08-30,US,United_States,Fashion_Beauty,83.89
2026-09-06,US,United_States,Fashion_Beauty,85.76
2026-09-13,US,United_States,Fashion_Beauty,81.8
2026-09-20,US,United_States,Fashion_Beauty,83.87
2026-07-05,IN,India,Nutrition_Diets,84.33
2026-07-12,IN,India,Nutrition_Diets,81.27
2026-07-19,IN,India,Nutrition_Diets,80.88
2026-07-26,IN,India,Nutrition_Diets,83.09
2026-08-02,IN,India,Nutrition_Diets,90.03
2026-08-09,IN,India,Nutrition_Diets,85.69
2026-08-16,IN,India,Nutrition_Diets,83.71
2026-08-23,IN,India,Nutrition_Diets,85.27
2026-08-30,IN,India,Nutrition_Diets,76.1
2026-09-06,IN,India,Nutrition_Diets,100.0
2026-09-13,IN,India,Nutrition_Diets,90.08
2026-09-20,IN,India,Nutrition_Diets,89.26
2026-07-05,IN,India,Fitness_Wearables,94.1
2026-07-12,IN,India,Fitness_Wearables,89.22
2026-07-19,IN,India,Fitness_Wearables,87.6
2026-07-26,IN,India,Fitness_Wearables,88.16
2026-08-02,IN,India,Fitness_Wearables,92.72
2026-08-09,IN,India,Fitness_Wearables,92.17
2026-08-16,IN,India,Fitness_Wearables,100.0
2026-08-23,IN,India,Fitness_Wearables,89.59
2026-08-30,IN,India,Fitness_Wearables,84.67
2026-09-06,IN,India,Fitness_Wearables,100.0
2026-09-13,IN,India,Fitness_Wearables,95.41
2026-09-20,IN,India,Fitness_Wearables,97.74
2026-07-05,IN,India,Fashion_Beauty,93.6
2026-07-12,IN,India,Fashion_Beauty,84.9
2026-07-19,IN,India,Fashion_Beauty,77.51
2026-07-26,IN,India,Fashion_Beauty,73.18
2026-08-02,IN,India,Fashion_Beauty,83.8
2026-08-09,IN,India,Fashion_Beauty,81.65
2026-08-16,IN,India,Fashion_Beauty,85.91
2026-08-23,IN,India,Fashion_Beauty,86.73
2026-08-30,IN,India,Fashion_Beauty,84.82
2026-09-06,IN,India,Fashion_Beauty,100.0
2026-09-13,IN,India,Fashion_Beauty,91.51
2026-09-20,IN,India,Fashion_Beauty,90.45
2026-07-05,FR,France,Nutrition_Diets,100.0
2026-07-12,FR,France,Nutrition_Diets,96.42
2026-07-19,FR,France,Nutrition_Diets,72.63
2026-07-26,FR,France,Nutrition_Diets,66.55
2026-08-02,FR,France,Nutrition_Diets,61.09
2026-08-09,FR,France,Nutrition_Diets,56.9
2026-08-16,FR,France,Nutrition_Diets,49.41
2026-08-23,FR,France,Nutrition_Diets,53.33
2026-08-30,FR,France,Nutrition_Diets,53.14
2026-09-06,FR,France,Nutrition_Diets,62.57
2026-09-13,FR,France,Nutrition_Diets,56.61
2026-09-20,FR,France,Nutrition_Diets,67.9
2026-07-05,FR,France,Fitness_Wearables,83.1
2026-07-12,FR,France,Fitness_Wearables,77.78
2026-07-19,FR,France,Fitness_Wearables,73.98
2026-07-26,FR,France,Fitness_Wearables,74.02
2026-08-02,FR,France,Fitness_Wearables,77.29
2026-08-09,FR,France,Fitness_Wearables,76.1
2026-08-16,FR,France,Fitness_Wearables,73.91
2026-08-23,FR,France,Fitness_Wearables,79.64
2026-08-30,FR,France,Fitness_Wearables,86.19
2026-09-06,FR,France,Fitness_Wearables,97.82
2026-09-13,FR,France,Fitness_Wearables,94.95
2026-09-20,FR,France,Fitness_Wearables,100.0
2026-07-05,FR,France,Fashion_Beauty,90.57
2026-07-12,FR,France,Fashion_Beauty,85.55
2026-07-19,FR,France,Fashion_Beauty,68.58
2026-07-26,FR,France,Fashion_Beauty,72.93
2026-08-02,FR,France,Fashion_Beauty,69.34
2026-08-09,FR,France,Fashion_Beauty,66.86
2026-08-16,FR,France,Fashion_Beauty,67.31
2026-08-23,FR,France,Fashion_Beauty,77.43
2026-08-30,FR,France,Fashion_Beauty,91.4
2026-09-06,FR,France,Fashion_Beauty,100.0
2026-09-13,FR,France,Fashion_Beauty,85.0
2026-09-20,FR,France,Fashion_Beauty,99.19
2026-07-05,NG,Nigeria,Nutrition_Diets,95.32
2026-07-12,NG,Nigeria,Nutrition_Diets,100.0
2026-07-19,NG,Nigeria,Nutrition_Diets,93.11
2026-07-26,NG,Nigeria,Nutrition_Diets,98.75
2026-08-02,NG,Nigeria,Nutrition_Diets,96.73
2026-08-09,NG,Nigeria,Nutrition_Diets,93.38
2026-08-16,NG,Nigeria,Nutrition_Diets,92.3
2026-08-23,NG,Nigeria,Nutrition_Diets,93.77
2026-08-30,NG,Nigeria,Nutrition_Diets,93.15
2026-09-06,NG,Nigeria,Nutrition_Diets,89.76
2026-09-13,NG,Nigeria,Nutrition_Diets,87.1
2026-09-20,NG,Nigeria,Nutrition_Diets,98.03
2026-07-05,NG,Nigeria,Fitness_Wearables,81.48
2026-07-12,NG,Nigeria,Fitness_Wearables,85.13
2026-07-19,NG,Nigeria,Fitness_Wearables,90.1
2026-07-26,NG,Nigeria,Fitness_Wearables,98.36
2026-08-02,NG,Nigeria,Fitness_Wearables,86.16
2026-08-09,NG,Nigeria,Fitness_Wearables,80.62
2026-08-16,NG,Nigeria,Fitness_Wearables,95.21
2026-08-23,NG,Nigeria,Fitness_Wearables,85.4
2026-08-30,NG,Nigeria,Fitness_Wearables,83.75
2026-09-06,NG,Nigeria,Fitness_Wearables,78.1
2026-09-13,NG,Nigeria,Fitness_Wearables,87.36
2026-09-20,NG,Nigeria,Fitness_Wearables,100.0
2026-07-05,NG,Nigeria,Fashion_Beauty,91.06
2026-07-12,NG,Nigeria,Fashion_Beauty,100.0
2026-07-19,NG,Nigeria,Fashion_Beauty,89.67
2026-07-26,NG,Nigeria,Fashion_Beauty,96.16
2026-08-02,NG,Nigeria,Fashion_Beauty,99.03
2026-08-09,NG,Nigeria,Fashion_Beauty,91.14
2026-08-16,NG,Nigeria,Fashion_Beauty,87.6
2026-08-23,NG,Nigeria,Fashion_Beauty,91.93
2026-08-30,NG,Nigeria,Fashion_Beauty,90.05
2026-09-06,NG,Nigeria,Fashion_Beauty,90.92
2026-09-13,NG,Nigeria,Fashion_Beauty,87.19
2026-09-20,NG,Nigeria,Fashion_Beauty,79.64
2026-07-05,GB,United_Kingdom,Nutrition_Diets,100.0
2026-07-12,GB,United_Kingdom,Nutrition_Diets,87.88
2026-07-19,GB,United_Kingdom,Nutrition_Diets,93.38
2026-07-26,GB,United_Kingdom,Nutrition_Diets,85.98
2026-08-02,GB,United_Kingdom,Nutrition_Diets,87.07
2026-08-09,GB,United_Kingdom,Nutrition_Diets,86.66
2026-08-16,GB,United_Kingdom,Nutrition_Diets,92.68
2026-08-23,GB,United_Kingdom,Nutrition_Diets,85.28
2026-08-30,GB,United_Kingdom,Nutrition_Diets,84.07
2026-09-06,GB,United_Kingdom,Nutrition_Diets,91.86
2026-09-13,GB,United_Kingdom,Nutrition_Diets,82.36
2026-09-20,GB,United_Kingdom,Nutrition_Diets,85.39
2026-07-05,GB,United_Kingdom,Fitness_Wearables,87.6
2026-07-12,GB,United_Kingdom,Fitness_Wearables,76.78
2026-07-19,GB,United_Kingdom,Fitness_Wearables,85.28
2026-07-26,GB,United_Kingdom,Fitness_Wearables,84.49
2026-08-02,GB,United_Kingdom,Fitness_Wearables,87.04
2026-08-09,GB,United_Kingdom,Fitness_Wearables,89.34
2026-08-16,GB,United_Kingdom,Fitness_Wearables,100.0
2026-08-23,GB,United_Kingdom,Fitness_Wearables,89.67
2026-08-30,GB,United_Kingdom,Fitness_Wearables,87.77
2026-09-06,GB,United_Kingdom,Fitness_Wearables,95.27
2026-09-13,GB,United_Kingdom,Fitness_Wearables,88.77
2026-09-20,GB,United_Kingdom,Fitness_Wearables,94.91
2026-07-05,GB,United_Kingdom,Fashion_Beauty,83.21
2026-07-12,GB,United_Kingdom,Fashion_Beauty,74.83
2026-07-19,GB,United_Kingdom,Fashion_Beauty,84.62
2026-07-26,GB,United_Kingdom,Fashion_Beauty,78.59
2026-08-02,GB,United_Kingdom,Fashion_Beauty,87.84
2026-08-09,GB,United_Kingdom,Fashion_Beauty,84.99
2026-08-16,GB,United_Kingdom,Fashion_Beauty,93.52
2026-08-23,GB,United_Kingdom,Fashion_Beauty,89.47
2026-08-30,GB,United_Kingdom,Fashion_Beauty,87.48
2026-09-06,GB,United_Kingdom,Fashion_Beauty,100.0
2026-09-13,GB,United_Kingdom,Fashion_Beauty,88.38
2026-09-20,GB,United_Kingdom,Fashion_Beauty,89.23
2026-07-05,CA,Canada,Nutrition_Diets,100.0
2026-07-12,CA,Canada,Nutrition_Diets,97.37
2026-07-19,CA,Canada,Nutrition_Diets,89.77
2026-07-26,CA,Canada,Nutrition_Diets,89.39
2026-08-02,CA,Canada,Nutrition_Diets,88.37
2026-08-09,CA,Canada,Nutrition_Diets,85.4
2026-08-16,CA,Canada,Nutrition_Diets,85.79
2026-08-23,CA,Canada,Nutrition_Diets,86.36
2026-08-30,CA,Canada,Nutrition_Diets,90.93
2026-09-06,CA,Canada,Nutrition_Diets,95.0
2026-09-13,CA,Canada,Nutrition_Diets,93.94
2026-09-20,CA,Canada,Nutrition_Diets,92.75
2026-07-05,CA,Canada,Fitness_Wearables,95.29
2026-07-12,CA,Canada,Fitness_Wearables,97.36
2026-07-19,CA,Canada,Fitness_Wearables,92.75
2026-07-26,CA,Canada,Fitness_Wearables,97.75
2026-08-02,CA,Canada,Fitness_Wearables,95.19
2026-08-09,CA,Canada,Fitness_Wearables,95.23
2026-08-16,CA,Canada,Fitness_Wearables,96.75
2026-08-23,CA,Canada,Fitness_Wearables,95.69
2026-08-30,CA,Canada,Fitness_Wearables,95.83
2026-09-06,CA,Canada,Fitness_Wearables,95.84
2026-09-13,CA,Canada,Fitness_Wearables,100.0
2026-09-20,CA,Canada,Fitness_Wearables,99.19
2026-07-05,CA,Canada,Fashion_Beauty,100.0
2026-07-12,CA,Canada,Fashion_Beauty,90.41
2026-07-19,CA,Canada,Fashion_Beauty,85.32
2026-07-26,CA,Canada,Fashion_Beauty,85.82
2026-08-02,CA,Canada,Fashion_Beauty,90.67
2026-08-09,CA,Canada,Fashion_Beauty,86.31
2026-08-16,CA,Canada,Fashion_Beauty,87.84
2026-08-23,CA,Canada,Fashion_Beauty,91.83
2026-08-30,CA,Canada,Fashion_Beauty,95.47
2026-09-06,CA,Canada,Fashion_Beauty,92.96
2026-09-13,CA,Canada,Fashion_Beauty,92.61
2026-09-20,CA,Canada,Fashion_Beauty,97.96
2026-07-05,AU,Australia,Nutrition_Diets,100.0
2026-07-12,AU,Australia,Nutrition_Diets,98.05
2026-07-19,AU,Australia,Nutrition_Diets,98.27
2026-07-26,AU,Australia,Nutrition_Diets,98.83
2026-08-02,AU,Australia,Nutrition_Diets,96.2
2026-08-09,AU,Australia,Nutrition_Diets,95.73
2026-08-16,AU,Australia,Nutrition_Diets,96.06
2026-08-23,AU,Australia,Nutrition_Diets,96.32
2026-08-30,AU,Australia,Nutrition_Diets,95.2
2026-09-06,AU,Australia,Nutrition_Diets,91.32
2026-09-13,AU,Australia,Nutrition_Diets,88.61
2026-09-20,AU,Australia,Nutrition_Diets,89.51
2026-07-05,AU,Australia,Fitness_Wearables,95.0
2026-07-12,AU,Australia,Fitness_Wearables,98.19
2026-07-19,AU,Australia,Fitness_Wearables,97.23
2026-07-26,AU,Australia,Fitness_Wearables,100.0
2026-08-02,AU,Australia,Fitness_Wearables,98.72
2026-08-09,AU,Australia,Fitness_Wearables,97.44
2026-08-16,AU,Australia,Fitness_Wearables,96.31
2026-08-23,AU,Australia,Fitness_Wearables,98.59
2026-08-30,AU,Australia,Fitness_Wearables,99.85
2026-09-06,AU,Australia,Fitness_Wearables,98.64
2026-09-13,AU,Australia,Fitness_Wearables,96.5
2026-09-20,AU,Australia,Fitness_Wearables,98.35
2026-07-05,AU,Australia,Fashion_Beauty,100.0
2026-07-12,AU,Australia,Fashion_Beauty,96.27
2026-07-19,AU,Australia,Fashion_Beauty,93.77
2026-07-26,AU,Australia,Fashion_Beauty,95.48
2026-08-02,AU,Australia,Fashion_Beauty,95.84
2026-08-09,AU,Australia,Fashion_Beauty,94.92
2026-08-16,AU,Australia,Fashion_Beauty,98.11
2026-08-23,AU,Australia,Fashion_Beauty,96.37
2026-08-30,AU,Australia,Fashion_Beauty,98.78
2026-09-06,AU,Australia,Fashion_Beauty,96.63
2026-09-13,AU,Australia,Fashion_Beauty,93.15
2026-09-20,AU,Australia,Fashion_Beauty,92.44
2026-07-05,BR,Brazil,Nutrition_Diets,42.48
2026-07-12,BR,Brazil,Nutrition_Diets,44.81
2026-07-19,BR,Brazil,Nutrition_Diets,48.35
2026-07-26,BR,Brazil,Nutrition_Diets,58.55
2026-08-02,BR,Brazil,Nutrition_Diets,64.98
2026-08-09,BR,Brazil,Nutrition_Diets,49.01
2026-08-16,BR,Brazil,Nutrition_Diets,48.46
2026-08-23,BR,Brazil,Nutrition_Diets,53.07
2026-08-30,BR,Brazil,Nutrition_Diets,43.02
2026-09-06,BR,Brazil,Nutrition_Diets,62.87
2026-09-13,BR,Brazil,Nutrition_Diets,49.22
2026-09-20,BR,Brazil,Nutrition_Diets,100.0
2026-07-05,BR,Brazil,Fitness_Wearables,46.61
2026-07-12,BR,Brazil,Fitness_Wearables,49.13
2026-07-19,BR,Brazil,Fitness_Wearables,53.41
2026-07-26,BR,Brazil,Fitness_Wearables,59.75
2026-08-02,BR,Brazil,Fitness_Wearables,70.96
2026-08-09,BR,Brazil,Fitness_Wearables,61.62
2026-08-16,BR,Brazil,Fitness_Wearables,59.12
2026-08-23,BR,Brazil,Fitness_Wearables,57.49
2026-08-30,BR,Brazil,Fitness_Wearables,52.15
2026-09-06,BR,Brazil,Fitness_Wearables,65.88
2026-09-13,BR,Brazil,Fitness_Wearables,57.38
2026-09-20,BR,Brazil,Fitness_Wearables,100.0
2026-07-05,BR,Brazil,Fashion_Beauty,70.25
2026-07-12,BR,Brazil,Fashion_Beauty,70.21
2026-07-19,BR,Brazil,Fashion_Beauty,74.85
2026-07-26,BR,Brazil,Fashion_Beauty,70.07
2026-08-02,BR,Brazil,Fashion_Beauty,75.13
2026-08-09,BR,Brazil,Fashion_Beauty,70.56
2026-08-16,BR,Brazil,Fashion_Beauty,68.65
2026-08-23,BR,Brazil,Fashion_Beauty,66.66
2026-08-30,BR,Brazil,Fashion_Beauty,72.53
2026-09-06,BR,Brazil,Fashion_Beauty,74.71
2026-09-13,BR,Brazil,Fashion_Beauty,69.42
2026-09-20,BR,Brazil,Fashion_Beauty,100.0
2026-07-05,MX,Mexico,Nutrition_Diets,100.0
2026-07-12,MX,Mexico,Nutrition_Diets,93.7
2026-07-19,MX,Mexico,Nutrition_Diets,89.56
2026-07-26,MX,Mexico,Nutrition_Diets,79.58
2026-08-02,MX,Mexico,Nutrition_Diets,80.52
2026-08-09,MX,Mexico,Nutrition_Diets,68.47
2026-08-16,MX,Mexico,Nutrition_Diets,64.12
2026-08-23,MX,Mexico,Nutrition_Diets,60.53
2026-08-30,MX,Mexico,Nutrition_Diets,49.76
2026-09-06,MX,Mexico,Nutrition_Diets,63.23
2026-09-13,MX,Mexico,Nutrition_Diets,54.52
2026-09-20,MX,Mexico,Nutrition_Diets,72.61
2026-07-05,MX,Mexico,Fitness_Wearables,78.57
2026-07-12,MX,Mexico,Fitness_Wearables,83.97
2026-07-19,MX,Mexico,Fitness_Wearables,96.58
2026-07-26,MX,Mexico,Fitness_Wearables,96.03
2026-08-02,MX,Mexico,Fitness_Wearables,100.0
2026-08-09,MX,Mexico,Fitness_Wearables,91.47
2026-08-16,MX,Mexico,Fitness_Wearables,90.44
2026-08-23,MX,Mexico,Fitness_Wearables,84.74
2026-08-30,MX,Mexico,Fitness_Wearables,79.09
2026-09-06,MX,Mexico,Fitness_Wearables,85.36
2026-09-13,MX,Mexico,Fitness_Wearables,81.61
2026-09-20,MX,Mexico,Fitness_Wearables,90.5
2026-07-05,MX,Mexico,Fashion_Beauty,98.59
2026-07-12,MX,Mexico,Fashion_Beauty,89.94
2026-07-19,MX,Mexico,Fashion_Beauty,100.0
2026-07-26,MX,Mexico,Fashion_Beauty,95.79
2026-08-02,MX,Mexico,Fashion_Beauty,98.01
2026-08-09,MX,Mexico,Fashion_Beauty,88.61
2026-08-16,MX,Mexico,Fashion_Beauty,89.03
2026-08-23,MX,Mexico,Fashion_Beauty,85.49
2026-08-30,MX,Mexico,Fashion_Beauty,79.61
2026-09-06,MX,Mexico,Fashion_Beauty,78.5
2026-09-13,MX,Mexico,Fashion_Beauty,75.43
2026-09-20,MX,Mexico,Fashion_Beauty,93.57
2026-07-05,ZA,South_Africa,Nutrition_Diets,62.81
2026-07-12,ZA,South_Africa,Nutrition_Diets,68.47
2026-07-19,ZA,South_Africa,Nutrition_Diets,71.16
2026-07-26,ZA,South_Africa,Nutrition_Diets,79.16
2026-08-02,ZA,South_Africa,Nutrition_Diets,80.37
2026-08-09,ZA,South_Africa,Nutrition_Diets,68.18
2026-08-16,ZA,South_Africa,Nutrition_Diets,68.36
2026-08-23,ZA,South_Africa,Nutrition_Diets,71.81
2026-08-30,ZA,South_Africa,Nutrition_Diets,72.03
2026-09-06,ZA,South_Africa,Nutrition_Diets,74.32
2026-09-13,ZA,South_Africa,Nutrition_Diets,71.29
2026-09-20,ZA,South_Africa,Nutrition_Diets,100.0
2026-07-05,ZA,South_Africa,Fitness_Wearables,61.53
2026-07-12,ZA,South_Africa,Fitness_Wearables,65.19
2026-07-19,ZA,South_Africa,Fitness_Wearables,68.93
2026-07-26,ZA,South_Africa,Fitness_Wearables,78.86
2026-08-02,ZA,South_Africa,Fitness_Wearables,78.49
2026-08-09,ZA,South_Africa,Fitness_Wearables,70.89
2026-08-16,ZA,South_Africa,Fitness_Wearables,70.26
2026-08-23,ZA,South_Africa,Fitness_Wearables,72.65
2026-08-30,ZA,South_Africa,Fitness_Wearables,68.64
2026-09-06,ZA,South_Africa,Fitness_Wearables,72.68
2026-09-13,ZA,South_Africa,Fitness_Wearables,71.12
2026-09-20,ZA,South_Africa,Fitness_Wearables,100.0
2026-07-05,ZA,South_Africa,Fashion_Beauty,92.5
2026-07-12,ZA,South_Africa,Fashion_Beauty,89.71
2026-07-19,ZA,South_Africa,Fashion_Beauty,89.53
2026-07-26,ZA,South_Africa,Fashion_Beauty,96.09
2026-08-02,ZA,South_Africa,Fashion_Beauty,97.34
2026-08-09,ZA,South_Africa,Fashion_Beauty,87.8
2026-08-16,ZA,South_Africa,Fashion_Beauty,86.61
2026-08-23,ZA,South_Africa,Fashion_Beauty,90.29
2026-08-30,ZA,South_Africa,Fashion_Beauty,88.64
2026-09-06,ZA,South_Africa,Fashion_Beauty,95.54
2026-09-13,ZA,South_Africa,Fashion_Beauty,86.48
2026-09-20,ZA,South_Africa,Fashion_Beauty,100.0
2026-07-05,KE,Kenya,Nutrition_Diets,83.53
2026-07-12,KE,Kenya,Nutrition_Diets,74.71
2026-07-19,KE,Kenya,Nutrition_Diets,61.3
2026-07-26,KE,Kenya,Nutrition_Diets,67.16
2026-08-02,KE,Kenya,Nutrition_Diets,70.09
2026-08-09,KE,Kenya,Nutrition_Diets,66.19
2026-08-16,KE,Kenya,Nutrition_Diets,69.31
2026-08-23,KE,Kenya,Nutrition_Diets,58.78
2026-08-30,KE,Kenya,Nutrition_Diets,61.77
2026-09-06,KE,Kenya,Nutrition_Diets,73.07
2026-09-13,KE,Kenya,Nutrition_Diets,69.38
2026-09-20,KE,Kenya,Nutrition_Diets,100.0
2026-07-05,KE,Kenya,Fitness_Wearables,57.01
2026-07-12,KE,Kenya,Fitness_Wearables,50.2
2026-07-19,KE,Kenya,Fitness_Wearables,45.28
2026-07-26,KE,Kenya,Fitness_Wearables,55.93
2026-08-02,KE,Kenya,Fitness_Wearables,68.59
2026-08-09,KE,Kenya,Fitness_Wearables,65.06
2026-08-16,KE,Kenya,Fitness_Wearables,51.33
2026-08-23,KE,Kenya,Fitness_Wearables,52.9
2026-08-30,KE,Kenya,Fitness_Wearables,43.97
2026-09-06,KE,Kenya,Fitness_Wearables,63.91
2026-09-13,KE,Kenya,Fitness_Wearables,50.32
2026-09-20,KE,Kenya,Fitness_Wearables,100.0
2026-07-05,KE,Kenya,Fashion_Beauty,76.08
2026-07-12,KE,Kenya,Fashion_Beauty,70.27
2026-07-19,KE,Kenya,Fashion_Beauty,65.32
2026-07-26,KE,Kenya,Fashion_Beauty,70.97
2026-08-02,KE,Kenya,Fashion_Beauty,87.94
2026-08-09,KE,Kenya,Fashion_Beauty,75.36
2026-08-16,KE,Kenya,Fashion_Beauty,80.8
2026-08-23,KE,Kenya,Fashion_Beauty,74.17
2026-08-30,KE,Kenya,Fashion_Beauty,72.84
2026-09-06,KE,Kenya,Fashion_Beauty,76.54
2026-09-13,KE,Kenya,Fashion_Beauty,72.75
2026-09-20,KE,Kenya,Fashion_Beauty,100.0
2026-07-05,SG,Singapore,Nutrition_Diets,100.0
2026-07-12,SG,Singapore,Nutrition_Diets,77.04
2026-07-19,SG,Singapore,Nutrition_Diets,64.39
2026-07-26,SG,Singapore,Nutrition_Diets,61.81
2026-08-02,SG,Singapore,Nutrition_Diets,53.54
2026-08-09,SG,Singapore,Nutrition_Diets,60.51
2026-08-16,SG,Singapore,Nutrition_Diets,56.65
2026-08-23,SG,Singapore,Nutrition_Diets,51.6
2026-08-30,SG,Singapore,Nutrition_Diets,58.15
2026-09-06,SG,Singapore,Nutrition_Diets,64.66
2026-09-13,SG,Singapore,Nutrition_Diets,54.22
2026-09-20,SG,Singapore,Nutrition_Diets,61.3
2026-07-05,SG,Singapore,Fitness_Wearables,100.0
2026-07-12,SG,Singapore,Fitness_Wearables,85.24
2026-07-19,SG,Singapore,Fitness_Wearables,80.59
2026-07-26,SG,Singapore,Fitness_Wearables,55.32
2026-08-02,SG,Singapore,Fitness_Wearables,70.41
2026-08-09,SG,Singapore,Fitness_Wearables,64.39
2026-08-16,SG,Singapore,Fitness_Wearables,74.4
2026-08-23,SG,Singapore,Fitness_Wearables,75.74
2026-08-30,SG,Singapore,Fitness_Wearables,75.66
2026-09-06,SG,Singapore,Fitness_Wearables,64.91
2026-09-13,SG,Singapore,Fitness_Wearables,82.74
2026-09-20,SG,Singapore,Fitness_Wearables,71.67
2026-07-05,SG,Singapore,Fashion_Beauty,100.0
2026-07-12,SG,Singapore,Fashion_Beauty,92.79
2026-07-19,SG,Singapore,Fashion_Beauty,81.11
2026-07-26,SG,Singapore,Fashion_Beauty,53.02
2026-08-02,SG,Singapore,Fashion_Beauty,64.14
2026-08-09,SG,Singapore,Fashion_Beauty,58.96
2026-08-16,SG,Singapore,Fashion_Beauty,77.36
2026-08-23,SG,Singapore,Fashion_Beauty,67.3
2026-08-30,SG,Singapore,Fashion_Beauty,67.21
2026-09-06,SG,Singapore,Fashion_Beauty,58.02
2026-09-13,SG,Singapore,Fashion_Beauty,64.36
2026-09-20,SG,Singapore,Fashion_Beauty,60.57
2026-07-05,AE,United_Arab_Emirates,Nutrition_Diets,80.43
2026-07-12,AE,United_Arab_Emirates,Nutrition_Diets,84.4
2026-07-19,AE,United_Arab_Emirates,Nutrition_Diets,88.05
2026-07-26,AE,United_Arab_Emirates,Nutrition_Diets,77.57
2026-08-02,AE,United_Arab_Emirates,Nutrition_Diets,65.81
2026-08-09,AE,United_Arab_Emirates,Nutrition_Diets,68.13
2026-08-16,AE,United_Arab_Emirates,Nutrition_Diets,63.64
2026-08-23,AE,United_Arab_Emirates,Nutrition_Diets,60.91
2026-08-30,AE,United_Arab_Emirates,Nutrition_Diets,57.82
2026-09-06,AE,United_Arab_Emirates,Nutrition_Diets,67.64
2026-09-13,AE,United_Arab_Emirates,Nutrition_Diets,62.44
2026-09-20,AE,United_Arab_Emirates,Nutrition_Diets,100.0
2026-07-05,AE,United_Arab_Emirates,Fitness_Wearables,67.54
2026-07-12,AE,United_Arab_Emirates,Fitness_Wearables,66.27
2026-07-19,AE,United_Arab_Emirates,Fitness_Wearables,67.46
2026-07-26,AE,United_Arab_Emirates,Fitness_Wearables,73.68
2026-08-02,AE,United_Arab_Emirates,Fitness_Wearables,71.12
2026-08-09,AE,United_Arab_Emirates,Fitness_Wearables,68.15
2026-08-16,AE,United_Arab_Emirates,Fitness_Wearables,66.04
2026-08-23,AE,United_Arab_Emirates,Fitness_Wearables,62.06
2026-08-30,AE,United_Arab_Emirates,Fitness_Wearables,60.95
2026-09-06,AE,United_Arab_Emirates,Fitness_Wearables,73.32
2026-09-13,AE,United_Arab_Emirates,Fitness_Wearables,66.56
2026-09-20,AE,United_Arab_Emirates,Fitness_Wearables,100.0
2026-07-05,AE,United_Arab_Emirates,Fashion_Beauty,82.77
2026-07-12,AE,United_Arab_Emirates,Fashion_Beauty,82.09
2026-07-19,AE,United_Arab_Emirates,Fashion_Beauty,76.76
2026-07-26,AE,United_Arab_Emirates,Fashion_Beauty,77.04
2026-08-02,AE,United_Arab_Emirates,Fashion_Beauty,74.84
2026-08-09,AE,United_Arab_Emirates,Fashion_Beauty,72.7
2026-08-16,AE,United_Arab_Emirates,Fashion_Beauty,78.64
2026-08-23,AE,United_Arab_Emirates,Fashion_Beauty,77.63
2026-08-30,AE,United_Arab_Emirates,Fashion_Beauty,75.24
2026-09-06,AE,United_Arab_Emirates,Fashion_Beauty,78.58
2026-09-13,AE,United_Arab_Emirates,Fashion_Beauty,74.49
2026-09-20,AE,United_Arab_Emirates,Fashion_Beauty,100.0
2026-07-05,CN,China,Nutrition_Diets,46.86
2026-07-12,CN,China,Nutrition_Diets,38.2
2026-07-19,CN,China,Nutrition_Diets,13.73
2026-07-26,CN,China,Nutrition_Diets,45.29
2026-08-02,CN,China,Nutrition_Diets,5.44
2026-08-09,CN,China,Nutrition_Diets,4.93
2026-08-16,CN,China,Nutrition_Diets,10.96
2026-08-23,CN,China,Nutrition_Diets,8.41
2026-08-30,CN,China,Nutrition_Diets,40.22
2026-09-06,CN,China,Nutrition_Diets,35.06
2026-09-13,CN,China,Nutrition_Diets,55.58
2026-09-20,CN,China,Nutrition_Diets,100.0
2026-07-05,CN,China,Fitness_Wearables,56.27
2026-07-12,CN,China,Fitness_Wearables,61.57
2026-07-19,CN,China,Fitness_Wearables,34.24
2026-07-26,CN,China,Fitness_Wearables,49.25
2026-08-02,CN,China,Fitness_Wearables,49.9
2026-08-09,CN,China,Fitness_Wearables,56.47
2026-08-16,CN,China,Fitness_Wearables,42.3
2026-08-23,CN,China,Fitness_Wearables,41.68
2026-08-30,CN,China,Fitness_Wearables,57.92
2026-09-06,CN,China,Fitness_Wearables,55.63
2026-09-13,CN,China,Fitness_Wearables,53.84
2026-09-20,CN,China,Fitness_Wearables,100.0
2026-07-05,CN,China,Fashion_Beauty,56.06
2026-07-12,CN,China,Fashion_Beauty,39.82
2026-07-19,CN,China,Fashion_Beauty,29.01
2026-07-26,CN,China,Fashion_Beauty,46.2
2026-08-02,CN,China,Fashion_Beauty,41.22
2026-08-09,CN,China,Fashion_Beauty,41.79
2026-08-16,CN,China,Fashion_Beauty,44.95
2026-08-23,CN,China,Fashion_Beauty,45.89
2026-08-30,CN,China,Fashion_Beauty,44.31
2026-09-06,CN,China,Fashion_Beauty,55.24
2026-09-13,CN,China,Fashion_Beauty,55.0
2026-09-20,CN,China,Fashion_Beauty,100.0
